Name of the Political Party,Date of  Encashment,Sum,Upcoming Election,Phase
ALL INDIA ANNA DRAVIDA MUNNETRA KAZHAGAM,2019-04-12,60000000,Lok Sabha 2019,9
BHARAT RASHTRA SAMITHI,2019-04-12,225000000,Lok Sabha 2019,9
BHARTIYA JANTA PARTY,2019-04-12,2463000000,Lok Sabha 2019,9
"PRESIDENT, ALL INDIA CONGRESS COMMITTEE",2019-04-12,101000000,Lok Sabha 2019,9
SHIVSENA (POLITICAL PARTY),2019-04-12,37000000,Lok Sabha 2019,9
TELUGU DESAM PARTY,2019-04-12,3000000,Lok Sabha 2019,9
YSR CONGRESS PARTY (YUVAJANA SRAMIKA R,2019-04-12,62500000,Lok Sabha 2019,9
ALL INDIA ANNA DRAVIDA MUNNETRA KAZHAGAM,2019-04-15,500000,Lok Sabha 2019,9
BHARTIYA JANTA PARTY,2019-04-15,500500000,Lok Sabha 2019,9
DMK PARTY IN PARLIAMENT,2019-04-15,70000000,Lok Sabha 2019,9
JANATA DAL ( SECULAR ),2019-04-15,25000000,Lok Sabha 2019,9
NATIONALIST CONGRESS PARTY PARLIAMENT OF,2019-04-15,15000000,Lok Sabha 2019,9
"PRESIDENT, ALL INDIA CONGRESS COMMITTEE",2019-04-15,354500000,Lok Sabha 2019,9
SHIVSENA (POLITICAL PARTY),2019-04-15,20000000,Lok Sabha 2019,9
TELUGU DESAM PARTY,2019-04-15,50000000,Lok Sabha 2019,9
ALL INDIA TRINAMOOL CONGRESS,2019-04-16,170100000,Lok Sabha 2019,9
BHARTIYA JANTA PARTY,2019-04-16,1162000000,Lok Sabha 2019,9
BIHAR PRADESH JANTA DAL(UNITED),2019-04-16,20000000,Lok Sabha 2019,9
"PRESIDENT, ALL INDIA CONGRESS COMMITTEE",2019-04-16,179200000,Lok Sabha 2019,9
RASTRIYA JANTA DAL,2019-04-16,10000000,Lok Sabha 2019,9
AAM AADMI PARTY,2019-04-18,2000000,Lok Sabha 2019,9
ADYAKSHA SAMAJVADI PARTY,2019-04-18,8400000,Lok Sabha 2019,9
BHARAT RASHTRA SAMITHI,2019-04-18,10000000,Lok Sabha 2019,9
BHARTIYA JANTA PARTY,2019-04-18,2275800000,Lok Sabha 2019,9
NATIONALIST CONGRESS PARTY PARLIAMENT OF,2019-04-18,10000000,Lok Sabha 2019,9
"PRESIDENT, ALL INDIA CONGRESS COMMITTEE",2019-04-18,128700000,Lok Sabha 2019,9
SHIVSENA (POLITICAL PARTY),2019-04-18,12000000,Lok Sabha 2019,9
TELUGU DESAM PARTY,2019-04-18,20000000,Lok Sabha 2019,9
YSR CONGRESS PARTY (YUVAJANA SRAMIKA R,2019-04-18,20000000,Lok Sabha 2019,9
BHARTIYA JANTA PARTY,2019-04-20,2107500000,Lok Sabha 2019,9
"PRESIDENT, ALL INDIA CONGRESS COMMITTEE",2019-04-20,142210000,Lok Sabha 2019,9
SHIROMANI AKALI DAL,2019-04-20,60070000,Lok Sabha 2019,9
SHIVSENA (POLITICAL PARTY),2019-04-20,50000000,Lok Sabha 2019,9
ALL INDIA TRINAMOOL CONGRESS,2019-04-22,7500000,Lok Sabha 2019,9
BHARAT RASHTRA SAMITHI,2019-04-22,500000,Lok Sabha 2019,9
BHARTIYA JANTA PARTY,2019-04-22,441801000,Lok Sabha 2019,9
"PRESIDENT, ALL INDIA CONGRESS COMMITTEE",2019-04-22,110000000,Lok Sabha 2019,9
SHIROMANI AKALI DAL,2019-04-22,2530000,Lok Sabha 2019,9
SHIVSENA (POLITICAL PARTY),2019-04-22,2500000,Lok Sabha 2019,9
BHARTIYA JANTA PARTY,2019-04-23,1308500000,Lok Sabha 2019,9
DMK PARTY IN PARLIAMENT,2019-04-23,20000000,Lok Sabha 2019,9
JHARKHAND MUKTI MORCHA,2019-04-23,10000000,Lok Sabha 2019,9
"PRESIDENT, ALL INDIA CONGRESS COMMITTEE",2019-04-23,75000000,Lok Sabha 2019,9
SHIVSENA (POLITICAL PARTY),2019-04-23,20000000,Lok Sabha 2019,9
"PRESIDENT, ALL INDIA CONGRESS COMMITTEE",2019-04-24,2000000,Lok Sabha 2019,9
RASTRIYA JANTA DAL,2019-04-24,15000000,Lok Sabha 2019,9
BHARTIYA JANTA PARTY,2019-04-25,131000000,Lok Sabha 2019,9
"PRESIDENT, ALL INDIA CONGRESS COMMITTEE",2019-04-25,20000000,Lok Sabha 2019,9
SHIVSENA (POLITICAL PARTY),2019-04-25,1000000,Lok Sabha 2019,9
BIHAR PRADESH JANTA DAL(UNITED),2019-04-26,10000000,Lok Sabha 2019,9
"PRESIDENT, ALL INDIA CONGRESS COMMITTEE",2019-04-26,73000000,Lok Sabha 2019,9
BHARTIYA JANTA PARTY,2019-04-29,178500000,Lok Sabha 2019,9
JAMMU AND KASHMIR NATIONAL CONFERENCE,2019-04-29,5000000,Lok Sabha 2019,9
SHIVSENA (POLITICAL PARTY),2019-04-30,3800000,Lok Sabha 2019,9
BHARTIYA JANTA PARTY,2019-05-02,20100000,Lok Sabha 2019,9
BHARTIYA JANTA PARTY,2019-05-03,50000000,Lok Sabha 2019,9
SHIVSENA (POLITICAL PARTY),2019-05-04,2500000,Lok Sabha 2019,9
ALL INDIA TRINAMOOL CONGRESS,2019-05-08,50000000,Lok Sabha 2019,10
BHARAT RASHTRA SAMITHI,2019-05-08,70000000,Lok Sabha 2019,10
"PRESIDENT, ALL INDIA CONGRESS COMMITTEE",2019-05-08,20000000,Lok Sabha 2019,10
NATIONALIST CONGRESS PARTY PARLIAMENT OF,2019-05-09,10000000,Lok Sabha 2019,10
"PRESIDENT, ALL INDIA CONGRESS COMMITTEE",2019-05-09,150000000,Lok Sabha 2019,10
ADYAKSHA SAMAJVADI PARTY,2019-05-10,100000000,Lok Sabha 2019,10
BHARTIYA JANTA PARTY,2019-05-10,3961500000,Lok Sabha 2019,10
"PRESIDENT, ALL INDIA CONGRESS COMMITTEE",2019-05-10,50000000,Lok Sabha 2019,10
SHIROMANI AKALI DAL,2019-05-10,5000000,Lok Sabha 2019,10
"PRESIDENT, ALL INDIA CONGRESS COMMITTEE",2019-05-13,125000000,Lok Sabha 2019,10
SHIVSENA (POLITICAL PARTY),2019-05-13,5000000,Lok Sabha 2019,10
ALL INDIA TRINAMOOL CONGRESS,2019-05-14,279546000,Lok Sabha 2019,10
BHARTIYA JANTA PARTY,2019-05-14,2412500000,Lok Sabha 2019,10
AAM AADMI PARTY,2019-05-15,10000000,Lok Sabha 2019,10
BHARAT RASHTRA SAMITHI,2019-05-15,16029000,Lok Sabha 2019,10
"PRESIDENT, ALL INDIA CONGRESS COMMITTEE",2019-05-15,50000000,Lok Sabha 2019,10
"PRESIDENT, ALL INDIA CONGRESS COMMITTEE",2019-05-16,100000000,Lok Sabha 2019,10
BHARAT RASHTRA SAMITHI,2019-05-17,40000000,Lok Sabha 2019,10
BHARTIYA JANTA PARTY,2019-05-20,701500000,Lok Sabha 2019,10
"PRESIDENT, ALL INDIA CONGRESS COMMITTEE",2019-05-20,5000000,Lok Sabha 2019,10
AAM AADMI PARTY,2019-05-21,10000000,Lok Sabha 2019,10
ALL INDIA TRINAMOOL CONGRESS,2019-05-22,10000000,Lok Sabha 2019,10
BHARAT RASHTRA SAMITHI,2019-05-22,10000000,Lok Sabha 2019,10
BHARTIYA JANTA PARTY,2019-05-22,1500000,Lok Sabha 2019,10
SHIVSENA (POLITICAL PARTY),2019-07-11,50000000,"Haryana, Maharashtra, Jharkhand, Delhi",11
ALL INDIA TRINAMOOL CONGRESS,2019-07-15,153800000,"Haryana, Maharashtra, Jharkhand, Delhi",11
BHARTIYA JANTA PARTY,2019-07-18,110000000,"Haryana, Maharashtra, Jharkhand, Delhi",11
BIJU JANATA DAL,2019-07-20,100000000,"Haryana, Maharashtra, Jharkhand, Delhi",11
BHARTIYA JANTA PARTY,2019-07-22,40000000,"Haryana, Maharashtra, Jharkhand, Delhi",11
ALL INDIA TRINAMOOL CONGRESS,2019-10-03,200000000,"Haryana, Maharashtra, Jharkhand, Delhi",12
NATIONALIST CONGRESS PARTY PARLIAMENT OF,2019-10-05,20000000,"Haryana, Maharashtra, Jharkhand, Delhi",12
SHIVSENA (POLITICAL PARTY),2019-10-05,30000000,"Haryana, Maharashtra, Jharkhand, Delhi",12
SHIVSENA,2019-10-09,10000000,"Haryana, Maharashtra, Jharkhand, Delhi",12
SHIVSENA (POLITICAL PARTY),2019-10-09,35000000,"Haryana, Maharashtra, Jharkhand, Delhi",12
NATIONALIST CONGRESS PARTY MAHARASHTRA PRADESH,2019-10-10,5000000,"Haryana, Maharashtra, Jharkhand, Delhi",12
NATIONALIST CONGRESS PARTY PARLIAMENT OF,2019-10-10,70000000,"Haryana, Maharashtra, Jharkhand, Delhi",12
BHARTIYA JANTA PARTY,2019-10-11,932500000,"Haryana, Maharashtra, Jharkhand, Delhi",12
NATIONALIST CONGRESS PARTY PARLIAMENT OF,2019-10-11,25000000,"Haryana, Maharashtra, Jharkhand, Delhi",12
SHIVSENA (POLITICAL PARTY),2019-10-14,55000000,"Haryana, Maharashtra, Jharkhand, Delhi",12
BHARTIYA JANTA PARTY,2019-10-15,358300000,"Haryana, Maharashtra, Jharkhand, Delhi",12
"PRESIDENT, ALL INDIA CONGRESS COMMITTEE",2019-10-15,2500000,"Haryana, Maharashtra, Jharkhand, Delhi",12
BHARTIYA JANTA PARTY,2019-10-16,350000000,"Haryana, Maharashtra, Jharkhand, Delhi",12
BHARTIYA JANTA PARTY,2019-10-18,50000000,"Haryana, Maharashtra, Jharkhand, Delhi",12
BHARTIYA JANTA PARTY,2019-10-19,130000000,"Haryana, Maharashtra, Jharkhand, Delhi",12
"PRESIDENT, ALL INDIA CONGRESS COMMITTEE",2019-10-19,10000000,"Haryana, Maharashtra, Jharkhand, Delhi",12
"PRESIDENT, ALL INDIA CONGRESS COMMITTEE",2019-10-22,5000000,"Haryana, Maharashtra, Jharkhand, Delhi",12
BHARTIYA JANTA PARTY,2019-10-23,31000000,"Haryana, Maharashtra, Jharkhand, Delhi",12
BIJU JANATA DAL,2020-01-20,40000000,"Haryana, Maharashtra, Jharkhand, Delhi",13
BHARTIYA JANTA PARTY,2020-01-21,450000000,"Haryana, Maharashtra, Jharkhand, Delhi",13
AAM AADMI PARTY,2020-01-24,3000000,"Haryana, Maharashtra, Jharkhand, Delhi",13
BIJU JANATA DAL,2020-01-24,30000000,"Haryana, Maharashtra, Jharkhand, Delhi",13
ALL INDIA TRINAMOOL CONGRESS,2020-01-27,123700000,"Haryana, Maharashtra, Jharkhand, Delhi",13
BHARTIYA JANTA PARTY,2020-01-27,50000000,"Haryana, Maharashtra, Jharkhand, Delhi",13
BIJU JANATA DAL,2020-01-27,30000000,"Haryana, Maharashtra, Jharkhand, Delhi",13
"PRESIDENT, ALL INDIA CONGRESS COMMITTEE",2020-01-28,60000000,"Haryana, Maharashtra, Jharkhand, Delhi",13
BHARTIYA JANTA PARTY,2020-02-03,30000000,"Haryana, Maharashtra, Jharkhand, Delhi",13
ALL INDIA TRINAMOOL CONGRESS,2020-10-22,150000000,Bihar,14
ALL INDIA TRINAMOOL CONGRESS,2020-10-23,4000000,Bihar,14
BIJU JANATA DAL,2020-10-23,500000000,Bihar,14
DMK PARTY IN PARLIAMENT,2020-10-23,600000000,Bihar,14
BIJU JANATA DAL,2020-10-27,120000000,Bihar,14
BIJU JANATA DAL,2020-10-28,50000000,Bihar,14
DMK PARTY IN PARLIAMENT,2020-10-29,200000000,Bihar,14
"PRESIDENT, ALL INDIA CONGRESS COMMITTEE",2020-10-29,30000000,Bihar,14
RASTRIYA JANTA DAL,2020-10-29,10000000,Bihar,14
ALL INDIA TRINAMOOL CONGRESS,2020-10-31,10000000,Bihar,14
BIHAR PRADESH JANTA DAL(UNITED),2020-10-31,10000000,Bihar,14
BHARTIYA JANTA PARTY,2020-11-02,189000000,Bihar,14
BHARTIYA JANTA PARTY,2020-11-05,19900000,Bihar,14
AAM AADMI PARTY,2020-11-06,30000000,Bihar,14
ALL INDIA TRINAMOOL CONGRESS,2020-11-07,10000000,Bihar,14
YSR CONGRESS PARTY (YUVAJANA SRAMIKA R,2020-11-07,890000000,Bihar,14
ALL INDIA TRINAMOOL CONGRESS,2021-01-07,250000000,"Assam, Kerala, Tamil Nadu, West Bengal, Puducherry",15
AAM AADMI PARTY,2021-01-13,12500000,"Assam, Kerala, Tamil Nadu, West Bengal, Puducherry",15
ALL INDIA TRINAMOOL CONGRESS,2021-01-13,10000000,"Assam, Kerala, Tamil Nadu, West Bengal, Puducherry",15
"PRESIDENT, ALL INDIA CONGRESS COMMITTEE",2021-01-18,70750000,"Assam, Kerala, Tamil Nadu, West Bengal, Puducherry",15
YSR CONGRESS PARTY (YUVAJANA SRAMIKA R,2021-01-18,62500000,"Assam, Kerala, Tamil Nadu, West Bengal, Puducherry",15
BHARTIYA JANTA PARTY,2021-01-19,10000000,"Assam, Kerala, Tamil Nadu, West Bengal, Puducherry",15
BHARTIYA JANTA PARTY,2021-01-20,4950000,"Assam, Kerala, Tamil Nadu, West Bengal, Puducherry",15
BIJU JANATA DAL,2021-04-07,545000000,"Assam, Kerala, Tamil Nadu, West Bengal, Puducherry",16
DMK PARTY IN PARLIAMENT,2021-04-07,1030000000,"Assam, Kerala, Tamil Nadu, West Bengal, Puducherry",16
TELUGU DESAM PARTY,2021-04-07,25000000,"Assam, Kerala, Tamil Nadu, West Bengal, Puducherry",16
BHARTIYA JANTA PARTY,2021-04-08,1145000000,"Assam, Kerala, Tamil Nadu, West Bengal, Puducherry",16
"PRESIDENT, ALL INDIA CONGRESS COMMITTEE",2021-04-08,50000000,"Assam, Kerala, Tamil Nadu, West Bengal, Puducherry",16
TELUGU DESAM PARTY,2021-04-08,10000000,"Assam, Kerala, Tamil Nadu, West Bengal, Puducherry",16
NATIONALIST CONGRESS PARTY PARLIAMENT OF,2021-04-09,38000000,"Assam, Kerala, Tamil Nadu, West Bengal, Puducherry",16
"PRESIDENT, ALL INDIA CONGRESS COMMITTEE",2021-04-09,250000000,"Assam, Kerala, Tamil Nadu, West Bengal, Puducherry",16
ALL INDIA TRINAMOOL CONGRESS,2021-04-12,502400000,"Assam, Kerala, Tamil Nadu, West Bengal, Puducherry",16
BHARTIYA JANTA PARTY,2021-04-12,1730000000,"Assam, Kerala, Tamil Nadu, West Bengal, Puducherry",16
BIJU JANATA DAL,2021-04-12,545000000,"Assam, Kerala, Tamil Nadu, West Bengal, Puducherry",16
DMK PARTY IN PARLIAMENT,2021-04-12,30000000,"Assam, Kerala, Tamil Nadu, West Bengal, Puducherry",16
"PRESIDENT, ALL INDIA CONGRESS COMMITTEE",2021-04-12,80000000,"Assam, Kerala, Tamil Nadu, West Bengal, Puducherry",16
AAM AADMI PARTY,2021-04-13,2000000,"Assam, Kerala, Tamil Nadu, West Bengal, Puducherry",16
ALL INDIA TRINAMOOL CONGRESS,2021-04-13,50000000,"Assam, Kerala, Tamil Nadu, West Bengal, Puducherry",16
BIJU JANATA DAL,2021-04-13,70000000,"Assam, Kerala, Tamil Nadu, West Bengal, Puducherry",16
"PRESIDENT, ALL INDIA CONGRESS COMMITTEE",2021-04-13,177500000,"Assam, Kerala, Tamil Nadu, West Bengal, Puducherry",16
AAM AADMI PARTY,2021-04-15,1500000,"Assam, Kerala, Tamil Nadu, West Bengal, Puducherry",16
BHARTIYA JANTA PARTY,2021-04-16,40000000,"Assam, Kerala, Tamil Nadu, West Bengal, Puducherry",16
"PRESIDENT, ALL INDIA CONGRESS COMMITTEE",2021-04-16,30000000,"Assam, Kerala, Tamil Nadu, West Bengal, Puducherry",16
ALL INDIA TRINAMOOL CONGRESS,2021-04-19,2000000,"Assam, Kerala, Tamil Nadu, West Bengal, Puducherry",16
YSR CONGRESS PARTY (YUVAJANA SRAMIKA R,2021-04-19,600000000,"Assam, Kerala, Tamil Nadu, West Bengal, Puducherry",16
ALL INDIA TRINAMOOL CONGRESS,2021-07-09,26500000,"Uttarakhand, Punjab, Uttar Pradesh, Goa, Manipur",17
ALL INDIA TRINAMOOL CONGRESS,2021-07-12,610000000,"Uttarakhand, Punjab, Uttar Pradesh, Goa, Manipur",17
"PRESIDENT, ALL INDIA CONGRESS COMMITTEE",2021-07-12,247000000,"Uttarakhand, Punjab, Uttar Pradesh, Goa, Manipur",17
ALL INDIA TRINAMOOL CONGRESS,2021-07-13,230000000,"Uttarakhand, Punjab, Uttar Pradesh, Goa, Manipur",17
ALL INDIA TRINAMOOL CONGRESS,2021-07-14,95100000,"Uttarakhand, Punjab, Uttar Pradesh, Goa, Manipur",17
BHARTIYA JANTA PARTY,2021-07-14,150000000,"Uttarakhand, Punjab, Uttar Pradesh, Goa, Manipur",17
ALL INDIA TRINAMOOL CONGRESS,2021-07-15,64300000,"Uttarakhand, Punjab, Uttar Pradesh, Goa, Manipur",17
ALL INDIA TRINAMOOL CONGRESS,2021-07-16,39730000,"Uttarakhand, Punjab, Uttar Pradesh, Goa, Manipur",17
BHARTIYA JANTA PARTY,2021-07-17,30000000,"Uttarakhand, Punjab, Uttar Pradesh, Goa, Manipur",17
AAM AADMI PARTY,2021-07-19,2500000,"Uttarakhand, Punjab, Uttar Pradesh, Goa, Manipur",17
ALL INDIA TRINAMOOL CONGRESS,2021-07-23,10000000,"Uttarakhand, Punjab, Uttar Pradesh, Goa, Manipur",17
"PRESIDENT, ALL INDIA CONGRESS COMMITTEE",2021-10-05,120000000,"Uttarakhand, Punjab, Uttar Pradesh, Goa, Manipur",18
BIJU JANATA DAL,2021-10-07,700000000,"Uttarakhand, Punjab, Uttar Pradesh, Goa, Manipur",18
"PRESIDENT, ALL INDIA CONGRESS COMMITTEE",2021-10-07,124300000,"Uttarakhand, Punjab, Uttar Pradesh, Goa, Manipur",18
ALL INDIA TRINAMOOL CONGRESS,2021-10-08,355000000,"Uttarakhand, Punjab, Uttar Pradesh, Goa, Manipur",18
BHARAT RASHTRA SAMITHI,2021-10-08,850000000,"Uttarakhand, Punjab, Uttar Pradesh, Goa, Manipur",18
ALL INDIA TRINAMOOL CONGRESS,2021-10-11,747500000,"Uttarakhand, Punjab, Uttar Pradesh, Goa, Manipur",18
BHARAT RASHTRA SAMITHI,2021-10-11,680000000,"Uttarakhand, Punjab, Uttar Pradesh, Goa, Manipur",18
BHARTIYA JANTA PARTY,2021-10-11,70000000,"Uttarakhand, Punjab, Uttar Pradesh, Goa, Manipur",18
BIJU JANATA DAL,2021-10-11,110000000,"Uttarakhand, Punjab, Uttar Pradesh, Goa, Manipur",18
DMK PARTY IN PARLIAMENT,2021-10-11,990000000,"Uttarakhand, Punjab, Uttar Pradesh, Goa, Manipur",18
"PRESIDENT, ALL INDIA CONGRESS COMMITTEE",2021-10-11,21150000,"Uttarakhand, Punjab, Uttar Pradesh, Goa, Manipur",18
BIJU JANATA DAL,2021-10-12,440000000,"Uttarakhand, Punjab, Uttar Pradesh, Goa, Manipur",18
"PRESIDENT, ALL INDIA CONGRESS COMMITTEE",2021-10-12,63545000,"Uttarakhand, Punjab, Uttar Pradesh, Goa, Manipur",18
BHARTIYA JANTA PARTY,2021-10-13,550000000,"Uttarakhand, Punjab, Uttar Pradesh, Goa, Manipur",18
ALL INDIA TRINAMOOL CONGRESS,2021-10-16,251900000,"Uttarakhand, Punjab, Uttar Pradesh, Goa, Manipur",18
ALL INDIA TRINAMOOL CONGRESS,2021-10-18,64000000,"Uttarakhand, Punjab, Uttar Pradesh, Goa, Manipur",18
ALL INDIA TRINAMOOL CONGRESS,2021-10-19,1000000,"Uttarakhand, Punjab, Uttar Pradesh, Goa, Manipur",18
"PRESIDENT, ALL INDIA CONGRESS COMMITTEE",2021-10-20,5000000,"Uttarakhand, Punjab, Uttar Pradesh, Goa, Manipur",18
"PRESIDENT, ALL INDIA CONGRESS COMMITTEE",2022-01-06,179800000,"Uttarakhand, Punjab, Uttar Pradesh, Goa, Manipur",19
SHIVSENA (POLITICAL PARTY),2022-01-06,250000000,"Uttarakhand, Punjab, Uttar Pradesh, Goa, Manipur",19
AAM AADMI PARTY,2022-01-10,20000000,"Uttarakhand, Punjab, Uttar Pradesh, Goa, Manipur",19
ADYAKSHA SAMAJVADI PARTY,2022-01-10,2100000,"Uttarakhand, Punjab, Uttar Pradesh, Goa, Manipur",19
ALL INDIA TRINAMOOL CONGRESS,2022-01-10,690000000,"Uttarakhand, Punjab, Uttar Pradesh, Goa, Manipur",19
BHARTIYA JANTA PARTY,2022-01-10,2512500000,"Uttarakhand, Punjab, Uttar Pradesh, Goa, Manipur",19
BIHAR PRADESH JANTA DAL(UNITED),2022-01-10,100000000,"Uttarakhand, Punjab, Uttar Pradesh, Goa, Manipur",19
BIJU JANATA DAL,2022-01-10,200000000,"Uttarakhand, Punjab, Uttar Pradesh, Goa, Manipur",19
"PRESIDENT, ALL INDIA CONGRESS COMMITTEE",2022-01-10,200000000,"Uttarakhand, Punjab, Uttar Pradesh, Goa, Manipur",19
ALL INDIA TRINAMOOL CONGRESS,2022-01-11,290000000,"Uttarakhand, Punjab, Uttar Pradesh, Goa, Manipur",19
BIJU JANATA DAL,2022-01-11,170000000,"Uttarakhand, Punjab, Uttar Pradesh, Goa, Manipur",19
DMK PARTY IN PARLIAMENT,2022-01-11,1000000000,"Uttarakhand, Punjab, Uttar Pradesh, Goa, Manipur",19
NATIONALIST CONGRESS PARTY PARLIAMENT OF,2022-01-11,100000000,"Uttarakhand, Punjab, Uttar Pradesh, Goa, Manipur",19
SHIVSENA (POLITICAL PARTY),2022-01-11,40000000,"Uttarakhand, Punjab, Uttar Pradesh, Goa, Manipur",19
AAM AADMI PARTY,2022-01-12,2500000,"Uttarakhand, Punjab, Uttar Pradesh, Goa, Manipur",19
BHARTIYA JANTA PARTY,2022-01-12,937500000,"Uttarakhand, Punjab, Uttar Pradesh, Goa, Manipur",19
GOA FORWARD PARTY,2022-01-12,3500000,"Uttarakhand, Punjab, Uttar Pradesh, Goa, Manipur",19
"PRESIDENT, ALL INDIA CONGRESS COMMITTEE",2022-01-12,508700000,"Uttarakhand, Punjab, Uttar Pradesh, Goa, Manipur",19
ADYAKSHA SAMAJVADI PARTY,2022-01-13,30000000,"Uttarakhand, Punjab, Uttar Pradesh, Goa, Manipur",19
ALL INDIA TRINAMOOL CONGRESS,2022-01-13,600000000,"Uttarakhand, Punjab, Uttar Pradesh, Goa, Manipur",19
BIJU JANATA DAL,2022-01-13,30000000,"Uttarakhand, Punjab, Uttar Pradesh, Goa, Manipur",19
"PRESIDENT, ALL INDIA CONGRESS COMMITTEE",2022-01-13,275000000,"Uttarakhand, Punjab, Uttar Pradesh, Goa, Manipur",19
AAM AADMI PARTY,2022-01-14,5000000,"Uttarakhand, Punjab, Uttar Pradesh, Goa, Manipur",19
ALL INDIA TRINAMOOL CONGRESS,2022-01-14,510000000,"Uttarakhand, Punjab, Uttar Pradesh, Goa, Manipur",19
BHARTIYA JANTA PARTY,2022-01-14,1755000000,"Uttarakhand, Punjab, Uttar Pradesh, Goa, Manipur",19
SHIROMANI AKALI DAL,2022-01-14,5000000,"Uttarakhand, Punjab, Uttar Pradesh, Goa, Manipur",19
ALL INDIA TRINAMOOL CONGRESS,2022-01-15,60000000,"Uttarakhand, Punjab, Uttar Pradesh, Goa, Manipur",19
NATIONALIST CONGRESS PARTY PARLIAMENT OF,2022-01-15,2000000,"Uttarakhand, Punjab, Uttar Pradesh, Goa, Manipur",19
ALL INDIA TRINAMOOL CONGRESS,2022-01-17,56000000,"Uttarakhand, Punjab, Uttar Pradesh, Goa, Manipur",19
BHARTIYA JANTA PARTY,2022-01-17,1075000000,"Uttarakhand, Punjab, Uttar Pradesh, Goa, Manipur",19
AAM AADMI PARTY,2022-01-18,4500000,"Uttarakhand, Punjab, Uttar Pradesh, Goa, Manipur",19
BHARTIYA JANTA PARTY,2022-01-18,205000000,"Uttarakhand, Punjab, Uttar Pradesh, Goa, Manipur",19
MAHARASHTRAWADI GOMNTAK PARTY,2022-01-18,5500000,"Uttarakhand, Punjab, Uttar Pradesh, Goa, Manipur",19
"PRESIDENT, ALL INDIA CONGRESS COMMITTEE",2022-01-18,27000000,"Uttarakhand, Punjab, Uttar Pradesh, Goa, Manipur",19
BIJU JANATA DAL,2022-01-20,100000000,"Uttarakhand, Punjab, Uttar Pradesh, Goa, Manipur",19
"PRESIDENT, ALL INDIA CONGRESS COMMITTEE",2022-01-20,2000000,"Uttarakhand, Punjab, Uttar Pradesh, Goa, Manipur",19
AAM AADMI PARTY,2022-01-21,2000000,"Uttarakhand, Punjab, Uttar Pradesh, Goa, Manipur",19
ALL INDIA TRINAMOOL CONGRESS,2022-01-21,4000000,"Uttarakhand, Punjab, Uttar Pradesh, Goa, Manipur",19
BHARTIYA JANTA PARTY,2022-01-21,137000000,"Uttarakhand, Punjab, Uttar Pradesh, Goa, Manipur",19
ALL INDIA TRINAMOOL CONGRESS,2022-01-24,32000000,"Uttarakhand, Punjab, Uttar Pradesh, Goa, Manipur",19
BHARAT RASHTRA SAMITHI,2022-04-06,500000000,"Himachal Gujarat, Tripura, Meghalaya, Nagaland, Karnataka",20
ALL INDIA TRINAMOOL CONGRESS,2022-04-08,150000000,"Himachal Gujarat, Tripura, Meghalaya, Nagaland, Karnataka",20
BHARAT RASHTRA SAMITHI,2022-04-11,920000000,"Himachal Gujarat, Tripura, Meghalaya, Nagaland, Karnataka",20
BIJU JANATA DAL,2022-04-11,30000000,"Himachal Gujarat, Tripura, Meghalaya, Nagaland, Karnataka",20
DMK PARTY IN PARLIAMENT,2022-04-11,1000000000,"Himachal Gujarat, Tripura, Meghalaya, Nagaland, Karnataka",20
BHARAT RASHTRA SAMITHI,2022-04-12,2680000000,"Himachal Gujarat, Tripura, Meghalaya, Nagaland, Karnataka",20
BHARTIYA JANTA PARTY,2022-04-12,430000000,"Himachal Gujarat, Tripura, Meghalaya, Nagaland, Karnataka",20
BHARAT RASHTRA SAMITHI,2022-04-13,9870000,"Himachal Gujarat, Tripura, Meghalaya, Nagaland, Karnataka",20
"PRESIDENT, ALL INDIA CONGRESS COMMITTEE",2022-04-13,80000000,"Himachal Gujarat, Tripura, Meghalaya, Nagaland, Karnataka",20
BHARTIYA JANTA PARTY,2022-04-18,555000000,"Himachal Gujarat, Tripura, Meghalaya, Nagaland, Karnataka",20
YSR CONGRESS PARTY (YUVAJANA SRAMIKA R,2022-04-18,100000000,"Himachal Gujarat, Tripura, Meghalaya, Nagaland, Karnataka",20
ALL INDIA TRINAMOOL CONGRESS,2022-04-19,30000000,"Himachal Gujarat, Tripura, Meghalaya, Nagaland, Karnataka",20
BIJU JANATA DAL,2022-07-04,500000000,"Himachal Gujarat, Tripura, Meghalaya, Nagaland, Karnataka",21
BHARAT RASHTRA SAMITHI,2022-07-05,100000000,"Himachal Gujarat, Tripura, Meghalaya, Nagaland, Karnataka",21
TELUGU DESAM PARTY,2022-07-05,30000000,"Himachal Gujarat, Tripura, Meghalaya, Nagaland, Karnataka",21
BHARAT RASHTRA SAMITHI,2022-07-06,250000000,"Himachal Gujarat, Tripura, Meghalaya, Nagaland, Karnataka",21
BIJU JANATA DAL,2022-07-06,450000000,"Himachal Gujarat, Tripura, Meghalaya, Nagaland, Karnataka",21
"PRESIDENT, ALL INDIA CONGRESS COMMITTEE",2022-07-06,150000000,"Himachal Gujarat, Tripura, Meghalaya, Nagaland, Karnataka",21
DMK PARTY IN PARLIAMENT,2022-07-08,500000000,"Himachal Gujarat, Tripura, Meghalaya, Nagaland, Karnataka",21
ALL INDIA TRINAMOOL CONGRESS,2022-07-11,190000000,"Himachal Gujarat, Tripura, Meghalaya, Nagaland, Karnataka",21
BHARAT RASHTRA SAMITHI,2022-07-11,75000000,"Himachal Gujarat, Tripura, Meghalaya, Nagaland, Karnataka",21
BIJU JANATA DAL,2022-07-11,70000000,"Himachal Gujarat, Tripura, Meghalaya, Nagaland, Karnataka",21
DMK PARTY IN PARLIAMENT,2022-07-11,250000000,"Himachal Gujarat, Tripura, Meghalaya, Nagaland, Karnataka",21
"PRESIDENT, ALL INDIA CONGRESS COMMITTEE",2022-07-11,350000000,"Himachal Gujarat, Tripura, Meghalaya, Nagaland, Karnataka",21
TELUGU DESAM PARTY,2022-07-11,50000000,"Himachal Gujarat, Tripura, Meghalaya, Nagaland, Karnataka",21
ALL INDIA TRINAMOOL CONGRESS,2022-07-12,445000000,"Himachal Gujarat, Tripura, Meghalaya, Nagaland, Karnataka",21
BHARTIYA JANTA PARTY,2022-07-12,125000000,"Himachal Gujarat, Tripura, Meghalaya, Nagaland, Karnataka",21
"PRESIDENT, ALL INDIA CONGRESS COMMITTEE",2022-07-12,5000000,"Himachal Gujarat, Tripura, Meghalaya, Nagaland, Karnataka",21
BHARAT RASHTRA SAMITHI,2022-07-13,80000000,"Himachal Gujarat, Tripura, Meghalaya, Nagaland, Karnataka",21
BIJU JANATA DAL,2022-07-13,50000000,"Himachal Gujarat, Tripura, Meghalaya, Nagaland, Karnataka",21
ALL INDIA TRINAMOOL CONGRESS,2022-07-14,30000000,"Himachal Gujarat, Tripura, Meghalaya, Nagaland, Karnataka",21
BHARAT RASHTRA SAMITHI,2022-07-16,125000000,"Himachal Gujarat, Tripura, Meghalaya, Nagaland, Karnataka",21
"PRESIDENT, ALL INDIA CONGRESS COMMITTEE",2022-07-19,70000000,"Himachal Gujarat, Tripura, Meghalaya, Nagaland, Karnataka",21
AAM AADMI PARTY,2022-10-10,20000000,"Himachal Gujarat, Tripura, Meghalaya, Nagaland, Karnataka",22
BHARAT RASHTRA SAMITHI,2022-10-10,250000000,"Himachal Gujarat, Tripura, Meghalaya, Nagaland, Karnataka",22
"PRESIDENT, ALL INDIA CONGRESS COMMITTEE",2022-10-10,150000000,"Himachal Gujarat, Tripura, Meghalaya, Nagaland, Karnataka",22
ALL INDIA TRINAMOOL CONGRESS,2022-10-11,100000000,"Himachal Gujarat, Tripura, Meghalaya, Nagaland, Karnataka",22
BHARAT RASHTRA SAMITHI,2022-10-11,300000000,"Himachal Gujarat, Tripura, Meghalaya, Nagaland, Karnataka",22
BHARTIYA JANTA PARTY,2022-10-11,790000000,"Himachal Gujarat, Tripura, Meghalaya, Nagaland, Karnataka",22
BIJU JANATA DAL,2022-10-11,350000000,"Himachal Gujarat, Tripura, Meghalaya, Nagaland, Karnataka",22
AAM AADMI PARTY,2022-10-12,20000000,"Himachal Gujarat, Tripura, Meghalaya, Nagaland, Karnataka",22
ALL INDIA TRINAMOOL CONGRESS,2022-10-12,500000000,"Himachal Gujarat, Tripura, Meghalaya, Nagaland, Karnataka",22
DMK PARTY IN PARLIAMENT,2022-10-12,100000000,"Himachal Gujarat, Tripura, Meghalaya, Nagaland, Karnataka",22
"PRESIDENT, ALL INDIA CONGRESS COMMITTEE",2022-10-12,52000000,"Himachal Gujarat, Tripura, Meghalaya, Nagaland, Karnataka",22
ALL INDIA TRINAMOOL CONGRESS,2022-10-13,300000000,"Himachal Gujarat, Tripura, Meghalaya, Nagaland, Karnataka",22
SIKKIM KRANTIKARI MORCHA,2022-10-13,20000000,"Himachal Gujarat, Tripura, Meghalaya, Nagaland, Karnataka",22
TELUGU DESAM PARTY,2022-10-13,50000000,"Himachal Gujarat, Tripura, Meghalaya, Nagaland, Karnataka",22
YSR CONGRESS PARTY (YUVAJANA SRAMIKA R,2022-10-13,50000000,"Himachal Gujarat, Tripura, Meghalaya, Nagaland, Karnataka",22
AAM AADMI PARTY,2022-10-14,76000000,"Himachal Gujarat, Tripura, Meghalaya, Nagaland, Karnataka",22
ALL INDIA TRINAMOOL CONGRESS,2022-10-14,200000000,"Himachal Gujarat, Tripura, Meghalaya, Nagaland, Karnataka",22
"PRESIDENT, ALL INDIA CONGRESS COMMITTEE",2022-10-14,130000000,"Himachal Gujarat, Tripura, Meghalaya, Nagaland, Karnataka",22
AAM AADMI PARTY,2022-10-15,69500000,"Himachal Gujarat, Tripura, Meghalaya, Nagaland, Karnataka",22
ALL INDIA TRINAMOOL CONGRESS,2022-10-15,331000000,"Himachal Gujarat, Tripura, Meghalaya, Nagaland, Karnataka",22
BHARTIYA JANTA PARTY,2022-10-15,1000000000,"Himachal Gujarat, Tripura, Meghalaya, Nagaland, Karnataka",22
BHARTIYA JANTA PARTY,2022-10-18,125000000,"Himachal Gujarat, Tripura, Meghalaya, Nagaland, Karnataka",22
"PRESIDENT, ALL INDIA CONGRESS COMMITTEE",2022-10-18,40000000,"Himachal Gujarat, Tripura, Meghalaya, Nagaland, Karnataka",22
AAM AADMI PARTY,2022-10-20,64000000,"Himachal Gujarat, Tripura, Meghalaya, Nagaland, Karnataka",22
JANASENA PARTY,2022-10-20,20000000,"Himachal Gujarat, Tripura, Meghalaya, Nagaland, Karnataka",22
AAM AADMI PARTY,2022-10-21,5000000,"Himachal Gujarat, Tripura, Meghalaya, Nagaland, Karnataka",22
BHARTIYA JANTA PARTY,2022-10-21,310000000,"Himachal Gujarat, Tripura, Meghalaya, Nagaland, Karnataka",22
AAM AADMI PARTY,2022-11-14,50000000,"Himachal Gujarat, Tripura, Meghalaya, Nagaland, Karnataka",23
BHARTIYA JANTA PARTY,2022-11-14,2000000000,"Himachal Gujarat, Tripura, Meghalaya, Nagaland, Karnataka",23
"PRESIDENT, ALL INDIA CONGRESS COMMITTEE",2022-11-14,4000000,"Himachal Gujarat, Tripura, Meghalaya, Nagaland, Karnataka",23
BHARTIYA JANTA PARTY,2022-11-16,2017500000,"Himachal Gujarat, Tripura, Meghalaya, Nagaland, Karnataka",23
"PRESIDENT, ALL INDIA CONGRESS COMMITTEE",2022-11-16,170000000,"Himachal Gujarat, Tripura, Meghalaya, Nagaland, Karnataka",23
"PRESIDENT, ALL INDIA CONGRESS COMMITTEE",2022-11-17,100000000,"Himachal Gujarat, Tripura, Meghalaya, Nagaland, Karnataka",23
BHARTIYA JANTA PARTY,2022-11-18,1875999000,"Himachal Gujarat, Tripura, Meghalaya, Nagaland, Karnataka",23
"PRESIDENT, ALL INDIA CONGRESS COMMITTEE",2022-11-18,103100000,"Himachal Gujarat, Tripura, Meghalaya, Nagaland, Karnataka",23
YSR CONGRESS PARTY (YUVAJANA SRAMIKA R,2022-11-18,120000000,"Himachal Gujarat, Tripura, Meghalaya, Nagaland, Karnataka",23
AAM AADMI PARTY,2022-11-19,20000000,"Himachal Gujarat, Tripura, Meghalaya, Nagaland, Karnataka",23
AAM AADMI PARTY,2022-11-21,10000000,"Himachal Gujarat, Tripura, Meghalaya, Nagaland, Karnataka",23
BHARTIYA JANTA PARTY,2022-11-21,135000000,"Himachal Gujarat, Tripura, Meghalaya, Nagaland, Karnataka",23
"PRESIDENT, ALL INDIA CONGRESS COMMITTEE",2022-11-22,50000000,"Himachal Gujarat, Tripura, Meghalaya, Nagaland, Karnataka",23
"PRESIDENT, ALL INDIA CONGRESS COMMITTEE",2022-11-23,22000000,"Himachal Gujarat, Tripura, Meghalaya, Nagaland, Karnataka",23
YSR CONGRESS PARTY (YUVAJANA SRAMIKA R,2022-11-23,40000000,"Himachal Gujarat, Tripura, Meghalaya, Nagaland, Karnataka",23
"PRESIDENT, ALL INDIA CONGRESS COMMITTEE",2022-11-24,15000000,"Himachal Gujarat, Tripura, Meghalaya, Nagaland, Karnataka",23
"PRESIDENT, ALL INDIA CONGRESS COMMITTEE",2022-11-28,30000000,"Himachal Gujarat, Tripura, Meghalaya, Nagaland, Karnataka",23
AAM AADMI PARTY,2022-12-09,10000000,"Himachal Gujarat, Tripura, Meghalaya, Nagaland, Karnataka",24
YSR CONGRESS PARTY (YUVAJANA SRAMIKA R,2022-12-12,200000000,"Himachal Gujarat, Tripura, Meghalaya, Nagaland, Karnataka",24
"PRESIDENT, ALL INDIA CONGRESS COMMITTEE",2022-12-13,80000000,"Himachal Gujarat, Tripura, Meghalaya, Nagaland, Karnataka",24
AAM AADMI PARTY,2022-12-14,20000000,"Himachal Gujarat, Tripura, Meghalaya, Nagaland, Karnataka",24
ALL INDIA TRINAMOOL CONGRESS,2022-12-14,150000000,"Himachal Gujarat, Tripura, Meghalaya, Nagaland, Karnataka",24
BHARTIYA JANTA PARTY,2022-12-14,1090000000,"Himachal Gujarat, Tripura, Meghalaya, Nagaland, Karnataka",24
AAM AADMI PARTY,2022-12-15,20000000,"Himachal Gujarat, Tripura, Meghalaya, Nagaland, Karnataka",24
ALL INDIA TRINAMOOL CONGRESS,2022-12-15,10000000,"Himachal Gujarat, Tripura, Meghalaya, Nagaland, Karnataka",24
AAM AADMI PARTY,2022-12-16,31000000,"Himachal Gujarat, Tripura, Meghalaya, Nagaland, Karnataka",24
BHARTIYA JANTA PARTY,2022-12-16,490000000,"Himachal Gujarat, Tripura, Meghalaya, Nagaland, Karnataka",24
YSR CONGRESS PARTY (YUVAJANA SRAMIKA R,2022-12-16,10000000,"Himachal Gujarat, Tripura, Meghalaya, Nagaland, Karnataka",24
AAM AADMI PARTY,2022-12-17,30000000,"Himachal Gujarat, Tripura, Meghalaya, Nagaland, Karnataka",24
ALL INDIA TRINAMOOL CONGRESS,2022-12-19,10000000,"Himachal Gujarat, Tripura, Meghalaya, Nagaland, Karnataka",24
BHARTIYA JANTA PARTY,2022-12-19,70000000,"Himachal Gujarat, Tripura, Meghalaya, Nagaland, Karnataka",24
"PRESIDENT, ALL INDIA CONGRESS COMMITTEE",2022-12-20,100000000,"Himachal Gujarat, Tripura, Meghalaya, Nagaland, Karnataka",24
TELUGU DESAM PARTY,2023-01-24,60000000,"Himachal Gujarat, Tripura, Meghalaya, Nagaland, Karnataka",25
ALL INDIA TRINAMOOL CONGRESS,2023-01-27,200000000,"Himachal Gujarat, Tripura, Meghalaya, Nagaland, Karnataka",25
"PRESIDENT, ALL INDIA CONGRESS COMMITTEE",2023-01-27,9100000,"Himachal Gujarat, Tripura, Meghalaya, Nagaland, Karnataka",25
ALL INDIA TRINAMOOL CONGRESS,2023-01-30,405000000,"Himachal Gujarat, Tripura, Meghalaya, Nagaland, Karnataka",25
BHARTIYA JANTA PARTY,2023-01-30,1000000000,"Himachal Gujarat, Tripura, Meghalaya, Nagaland, Karnataka",25
BHARAT RASHTRA SAMITHI,2023-01-31,500000,"Himachal Gujarat, Tripura, Meghalaya, Nagaland, Karnataka",25
TELUGU DESAM PARTY,2023-01-31,130000000,"Himachal Gujarat, Tripura, Meghalaya, Nagaland, Karnataka",25
ALL INDIA TRINAMOOL CONGRESS,2023-02-01,200000000,"Himachal Gujarat, Tripura, Meghalaya, Nagaland, Karnataka",25
BHARTIYA JANTA PARTY,2023-02-01,370000000,"Himachal Gujarat, Tripura, Meghalaya, Nagaland, Karnataka",25
BIJU JANATA DAL,2023-02-01,70000000,"Himachal Gujarat, Tripura, Meghalaya, Nagaland, Karnataka",25
JHARKHAND MUKTI MORCHA,2023-02-01,10000000,"Himachal Gujarat, Tripura, Meghalaya, Nagaland, Karnataka",25
TELUGU DESAM PARTY,2023-02-01,20000000,"Himachal Gujarat, Tripura, Meghalaya, Nagaland, Karnataka",25
SIKKIM KRANTIKARI MORCHA,2023-02-02,25000000,"Himachal Gujarat, Tripura, Meghalaya, Nagaland, Karnataka",25
BHARTIYA JANTA PARTY,2023-02-04,216000000,"Himachal Gujarat, Tripura, Meghalaya, Nagaland, Karnataka",25
BHARTIYA JANTA PARTY,2023-02-07,342000000,"Himachal Gujarat, Tripura, Meghalaya, Nagaland, Karnataka",25
SIKKIM KRANTIKARI MORCHA,2023-02-07,30000000,"Himachal Gujarat, Tripura, Meghalaya, Nagaland, Karnataka",25
BHARAT RASHTRA SAMITHI,2023-04-06,100000000,"Himachal Gujarat, Tripura, Meghalaya, Nagaland, Karnataka",26
"PRESIDENT, ALL INDIA CONGRESS COMMITTEE",2023-04-06,60000000,"Himachal Gujarat, Tripura, Meghalaya, Nagaland, Karnataka",26
DMK PARTY IN PARLIAMENT,2023-04-10,400000000,"Himachal Gujarat, Tripura, Meghalaya, Nagaland, Karnataka",26
"PRESIDENT, ALL INDIA CONGRESS COMMITTEE",2023-04-10,722500000,"Himachal Gujarat, Tripura, Meghalaya, Nagaland, Karnataka",26
"PRESIDENT, ALL INDIA CONGRESS COMMITTEE",2023-04-11,130000000,"Himachal Gujarat, Tripura, Meghalaya, Nagaland, Karnataka",26
TELUGU DESAM PARTY,2023-04-11,20000000,"Himachal Gujarat, Tripura, Meghalaya, Nagaland, Karnataka",26
YSR CONGRESS PARTY (YUVAJANA SRAMIKA R,2023-04-11,100000000,"Himachal Gujarat, Tripura, Meghalaya, Nagaland, Karnataka",26
BHARTIYA JANTA PARTY,2023-04-12,1770000000,"Himachal Gujarat, Tripura, Meghalaya, Nagaland, Karnataka",26
ALL INDIA TRINAMOOL CONGRESS,2023-04-13,702000000,"Himachal Gujarat, Tripura, Meghalaya, Nagaland, Karnataka",26
BHARAT RASHTRA SAMITHI,2023-04-13,300000000,"Himachal Gujarat, Tripura, Meghalaya, Nagaland, Karnataka",26
JHARKHAND MUKTI MORCHA,2023-04-13,10000000,"Himachal Gujarat, Tripura, Meghalaya, Nagaland, Karnataka",26
NATIONALIST CONGRESS PARTY PARLIAMENT OF,2023-04-13,15000000,"Himachal Gujarat, Tripura, Meghalaya, Nagaland, Karnataka",26
"PRESIDENT, ALL INDIA CONGRESS COMMITTEE",2023-04-13,100000000,"Himachal Gujarat, Tripura, Meghalaya, Nagaland, Karnataka",26
TELUGU DESAM PARTY,2023-04-13,50000000,"Himachal Gujarat, Tripura, Meghalaya, Nagaland, Karnataka",26
BHARAT RASHTRA SAMITHI,2023-04-15,151000000,"Himachal Gujarat, Tripura, Meghalaya, Nagaland, Karnataka",26
BIJU JANATA DAL,2023-04-15,150000000,"Himachal Gujarat, Tripura, Meghalaya, Nagaland, Karnataka",26
JANASENA PARTY,2023-04-15,20000000,"Himachal Gujarat, Tripura, Meghalaya, Nagaland, Karnataka",26
YSR CONGRESS PARTY (YUVAJANA SRAMIKA R,2023-04-15,250000000,"Himachal Gujarat, Tripura, Meghalaya, Nagaland, Karnataka",26
ALL INDIA TRINAMOOL CONGRESS,2023-04-17,118500000,"Himachal Gujarat, Tripura, Meghalaya, Nagaland, Karnataka",26
BHARAT RASHTRA SAMITHI,2023-04-17,350000000,"Himachal Gujarat, Tripura, Meghalaya, Nagaland, Karnataka",26
BHARTIYA JANTA PARTY,2023-04-17,1430450000,"Himachal Gujarat, Tripura, Meghalaya, Nagaland, Karnataka",26
JANATA DAL ( SECULAR ),2023-04-17,10000000,"Himachal Gujarat, Tripura, Meghalaya, Nagaland, Karnataka",26
"PRESIDENT, ALL INDIA CONGRESS COMMITTEE",2023-04-17,770000000,"Himachal Gujarat, Tripura, Meghalaya, Nagaland, Karnataka",26
TELUGU DESAM PARTY,2023-04-17,250000000,"Himachal Gujarat, Tripura, Meghalaya, Nagaland, Karnataka",26
ALL INDIA TRINAMOOL CONGRESS,2023-04-18,221500000,"Himachal Gujarat, Tripura, Meghalaya, Nagaland, Karnataka",26
BHARAT RASHTRA SAMITHI,2023-04-18,10000000,"Himachal Gujarat, Tripura, Meghalaya, Nagaland, Karnataka",26
BHARTIYA JANTA PARTY,2023-04-18,100000000,"Himachal Gujarat, Tripura, Meghalaya, Nagaland, Karnataka",26
JANATA DAL ( SECULAR ),2023-04-18,400000000,"Himachal Gujarat, Tripura, Meghalaya, Nagaland, Karnataka",26
ALL INDIA TRINAMOOL CONGRESS,2023-04-19,633000000,"Himachal Gujarat, Tripura, Meghalaya, Nagaland, Karnataka",26
ALL INDIA TRINAMOOL CONGRESS,2023-04-20,175000000,"Himachal Gujarat, Tripura, Meghalaya, Nagaland, Karnataka",26
"PRESIDENT, ALL INDIA CONGRESS COMMITTEE",2023-04-20,123000000,"Himachal Gujarat, Tripura, Meghalaya, Nagaland, Karnataka",26
ALL INDIA TRINAMOOL CONGRESS,2023-04-21,19000000,"Himachal Gujarat, Tripura, Meghalaya, Nagaland, Karnataka",26
BHARTIYA JANTA PARTY,2023-04-24,42000000,"Himachal Gujarat, Tripura, Meghalaya, Nagaland, Karnataka",26
ALL INDIA TRINAMOOL CONGRESS,2023-04-26,550000,"Himachal Gujarat, Tripura, Meghalaya, Nagaland, Karnataka",26
BIJU JANATA DAL,2023-07-07,500000000,"Chhattisgarh, Mizoram, Madhya Pradesh, Rajasthan, Telangana",27
BHARTIYA JANTA PARTY,2023-07-10,100000000,"Chhattisgarh, Mizoram, Madhya Pradesh, Rajasthan, Telangana",27
"PRESIDENT, ALL INDIA CONGRESS COMMITTEE",2023-07-10,5000000,"Chhattisgarh, Mizoram, Madhya Pradesh, Rajasthan, Telangana",27
TELUGU DESAM PARTY,2023-07-10,5000000,"Chhattisgarh, Mizoram, Madhya Pradesh, Rajasthan, Telangana",27
AAM AADMI PARTY,2023-07-11,50000000,"Chhattisgarh, Mizoram, Madhya Pradesh, Rajasthan, Telangana",27
ALL INDIA TRINAMOOL CONGRESS,2023-07-11,450000000,"Chhattisgarh, Mizoram, Madhya Pradesh, Rajasthan, Telangana",27
BIJU JANATA DAL,2023-07-11,75000000,"Chhattisgarh, Mizoram, Madhya Pradesh, Rajasthan, Telangana",27
ALL INDIA TRINAMOOL CONGRESS,2023-07-12,200000000,"Chhattisgarh, Mizoram, Madhya Pradesh, Rajasthan, Telangana",27
BHARTIYA JANTA PARTY,2023-07-12,395000000,"Chhattisgarh, Mizoram, Madhya Pradesh, Rajasthan, Telangana",27
YSR CONGRESS PARTY (YUVAJANA SRAMIKA R,2023-07-12,5000000,"Chhattisgarh, Mizoram, Madhya Pradesh, Rajasthan, Telangana",27
ALL INDIA TRINAMOOL CONGRESS,2023-07-13,420000000,"Chhattisgarh, Mizoram, Madhya Pradesh, Rajasthan, Telangana",27
BHARAT RASHTRA SAMITHI,2023-07-13,2240000000,"Chhattisgarh, Mizoram, Madhya Pradesh, Rajasthan, Telangana",27
BIJU JANATA DAL,2023-07-13,840000000,"Chhattisgarh, Mizoram, Madhya Pradesh, Rajasthan, Telangana",27
"PRESIDENT, ALL INDIA CONGRESS COMMITTEE",2023-07-13,100000000,"Chhattisgarh, Mizoram, Madhya Pradesh, Rajasthan, Telangana",27
TELUGU DESAM PARTY,2023-07-13,20000000,"Chhattisgarh, Mizoram, Madhya Pradesh, Rajasthan, Telangana",27
ALL INDIA TRINAMOOL CONGRESS,2023-07-14,80000000,"Chhattisgarh, Mizoram, Madhya Pradesh, Rajasthan, Telangana",27
BHARAT RASHTRA SAMITHI,2023-07-14,247200000,"Chhattisgarh, Mizoram, Madhya Pradesh, Rajasthan, Telangana",27
"PRESIDENT, ALL INDIA CONGRESS COMMITTEE",2023-07-14,100000000,"Chhattisgarh, Mizoram, Madhya Pradesh, Rajasthan, Telangana",27
TELUGU DESAM PARTY,2023-07-14,2500000,"Chhattisgarh, Mizoram, Madhya Pradesh, Rajasthan, Telangana",27
AAM AADMI PARTY,2023-07-15,50000000,"Chhattisgarh, Mizoram, Madhya Pradesh, Rajasthan, Telangana",27
BHARAT RASHTRA SAMITHI,2023-07-15,210000000,"Chhattisgarh, Mizoram, Madhya Pradesh, Rajasthan, Telangana",27
BHARTIYA JANTA PARTY,2023-07-15,269900000,"Chhattisgarh, Mizoram, Madhya Pradesh, Rajasthan, Telangana",27
BIJU JANATA DAL,2023-07-15,140000000,"Chhattisgarh, Mizoram, Madhya Pradesh, Rajasthan, Telangana",27
BHARAT RASHTRA SAMITHI,2023-07-17,187000000,"Chhattisgarh, Mizoram, Madhya Pradesh, Rajasthan, Telangana",27
YSR CONGRESS PARTY (YUVAJANA SRAMIKA R,2023-07-17,250000000,"Chhattisgarh, Mizoram, Madhya Pradesh, Rajasthan, Telangana",27
BHARAT RASHTRA SAMITHI,2023-07-18,250000000,"Chhattisgarh, Mizoram, Madhya Pradesh, Rajasthan, Telangana",27
RASHTRIYA JANTA DAL,2023-07-18,10000000,"Chhattisgarh, Mizoram, Madhya Pradesh, Rajasthan, Telangana",27
RASTRIYA JANTA DAL,2023-07-18,197000000,"Chhattisgarh, Mizoram, Madhya Pradesh, Rajasthan, Telangana",27
ALL INDIA TRINAMOOL CONGRESS,2023-07-19,20000000,"Chhattisgarh, Mizoram, Madhya Pradesh, Rajasthan, Telangana",27
RASTRIYA JANTA DAL,2023-07-19,93000000,"Chhattisgarh, Mizoram, Madhya Pradesh, Rajasthan, Telangana",27
BHARTIYA JANTA PARTY,2023-07-20,104400000,"Chhattisgarh, Mizoram, Madhya Pradesh, Rajasthan, Telangana",27
SIKKIM KRANTIKARI MORCHA,2023-07-20,80000000,"Chhattisgarh, Mizoram, Madhya Pradesh, Rajasthan, Telangana",27
BHARAT RASHTRA SAMITHI,2023-07-24,10000000,"Chhattisgarh, Mizoram, Madhya Pradesh, Rajasthan, Telangana",27
BHARTIYA JANTA PARTY,2023-07-24,1000,"Chhattisgarh, Mizoram, Madhya Pradesh, Rajasthan, Telangana",27
JHARKHAND MUKTI MORCHA,2023-07-24,50000000,"Chhattisgarh, Mizoram, Madhya Pradesh, Rajasthan, Telangana",27
BHARAT RASHTRA SAMITHI,2023-07-25,40000000,"Chhattisgarh, Mizoram, Madhya Pradesh, Rajasthan, Telangana",27
SHIVSENA (POLITICAL PARTY),2023-07-25,330000000,"Chhattisgarh, Mizoram, Madhya Pradesh, Rajasthan, Telangana",27
AAM AADMI PARTY,2023-07-26,1500000,"Chhattisgarh, Mizoram, Madhya Pradesh, Rajasthan, Telangana",27
"PRESIDENT, ALL INDIA CONGRESS COMMITTEE",2023-10-05,150000000,"Chhattisgarh, Mizoram, Madhya Pradesh, Rajasthan, Telangana",28
"PRESIDENT, ALL INDIA CONGRESS COMMITTEE",2023-10-06,560000000,"Chhattisgarh, Mizoram, Madhya Pradesh, Rajasthan, Telangana",28
BHARAT RASHTRA SAMITHI,2023-10-07,100000000,"Chhattisgarh, Mizoram, Madhya Pradesh, Rajasthan, Telangana",28
"PRESIDENT, ALL INDIA CONGRESS COMMITTEE",2023-10-07,100000000,"Chhattisgarh, Mizoram, Madhya Pradesh, Rajasthan, Telangana",28
ALL INDIA TRINAMOOL CONGRESS,2023-10-09,690000000,"Chhattisgarh, Mizoram, Madhya Pradesh, Rajasthan, Telangana",28
"PRESIDENT, ALL INDIA CONGRESS COMMITTEE",2023-10-09,600000000,"Chhattisgarh, Mizoram, Madhya Pradesh, Rajasthan, Telangana",28
"PRESIDENT, ALL INDIA CONGRESS COMMITTEE",2023-10-10,1279300000,"Chhattisgarh, Mizoram, Madhya Pradesh, Rajasthan, Telangana",28
BHARAT RASHTRA SAMITHI,2023-10-12,125000000,"Chhattisgarh, Mizoram, Madhya Pradesh, Rajasthan, Telangana",28
BHARTIYA JANTA PARTY,2023-10-12,100000000,"Chhattisgarh, Mizoram, Madhya Pradesh, Rajasthan, Telangana",28
"PRESIDENT, ALL INDIA CONGRESS COMMITTEE",2023-10-12,250000000,"Chhattisgarh, Mizoram, Madhya Pradesh, Rajasthan, Telangana",28
ALL INDIA TRINAMOOL CONGRESS,2023-10-13,94500000,"Chhattisgarh, Mizoram, Madhya Pradesh, Rajasthan, Telangana",28
BHARAT RASHTRA SAMITHI,2023-10-13,110000000,"Chhattisgarh, Mizoram, Madhya Pradesh, Rajasthan, Telangana",28
BHARTIYA JANTA PARTY,2023-10-13,1975000000,"Chhattisgarh, Mizoram, Madhya Pradesh, Rajasthan, Telangana",28
"PRESIDENT, ALL INDIA CONGRESS COMMITTEE",2023-10-13,649800000,"Chhattisgarh, Mizoram, Madhya Pradesh, Rajasthan, Telangana",28
TELUGU DESAM PARTY,2023-10-13,108800000,"Chhattisgarh, Mizoram, Madhya Pradesh, Rajasthan, Telangana",28
ALL INDIA TRINAMOOL CONGRESS,2023-10-16,505500000,"Chhattisgarh, Mizoram, Madhya Pradesh, Rajasthan, Telangana",28
BHARAT RASHTRA SAMITHI,2023-10-16,330000000,"Chhattisgarh, Mizoram, Madhya Pradesh, Rajasthan, Telangana",28
BHARTIYA JANTA PARTY,2023-10-16,654500000,"Chhattisgarh, Mizoram, Madhya Pradesh, Rajasthan, Telangana",28
"PRESIDENT, ALL INDIA CONGRESS COMMITTEE",2023-10-16,80000000,"Chhattisgarh, Mizoram, Madhya Pradesh, Rajasthan, Telangana",28
SIKKIM KRANTIKARI MORCHA,2023-10-16,30000000,"Chhattisgarh, Mizoram, Madhya Pradesh, Rajasthan, Telangana",28
ALL INDIA TRINAMOOL CONGRESS,2023-10-17,165188000,"Chhattisgarh, Mizoram, Madhya Pradesh, Rajasthan, Telangana",28
JHARKHAND MUKTI MORCHA,2023-10-17,55000000,"Chhattisgarh, Mizoram, Madhya Pradesh, Rajasthan, Telangana",28
"PRESIDENT, ALL INDIA CONGRESS COMMITTEE",2023-10-17,153000000,"Chhattisgarh, Mizoram, Madhya Pradesh, Rajasthan, Telangana",28
SIKKIM KRANTIKARI MORCHA,2023-10-17,150000000,"Chhattisgarh, Mizoram, Madhya Pradesh, Rajasthan, Telangana",28
ALL INDIA TRINAMOOL CONGRESS,2023-10-18,94200000,"Chhattisgarh, Mizoram, Madhya Pradesh, Rajasthan, Telangana",28
BHARAT RASHTRA SAMITHI,2023-10-18,60000000,"Chhattisgarh, Mizoram, Madhya Pradesh, Rajasthan, Telangana",28
BIJU JANATA DAL,2023-10-18,400000000,"Chhattisgarh, Mizoram, Madhya Pradesh, Rajasthan, Telangana",28
SHIVSENA (POLITICAL PARTY),2023-10-18,370314000,"Chhattisgarh, Mizoram, Madhya Pradesh, Rajasthan, Telangana",28
TELUGU DESAM PARTY,2023-10-18,2500000,"Chhattisgarh, Mizoram, Madhya Pradesh, Rajasthan, Telangana",28
BHARTIYA JANTA PARTY,2023-10-19,645000000,"Chhattisgarh, Mizoram, Madhya Pradesh, Rajasthan, Telangana",28
BIJU JANATA DAL,2023-10-19,50000000,"Chhattisgarh, Mizoram, Madhya Pradesh, Rajasthan, Telangana",28
"PRESIDENT, ALL INDIA CONGRESS COMMITTEE",2023-10-19,120000000,"Chhattisgarh, Mizoram, Madhya Pradesh, Rajasthan, Telangana",28
RASTRIYA JANTA DAL,2023-10-19,240000000,"Chhattisgarh, Mizoram, Madhya Pradesh, Rajasthan, Telangana",28
SHIVSENA (POLITICAL PARTY),2023-10-19,18000000,"Chhattisgarh, Mizoram, Madhya Pradesh, Rajasthan, Telangana",28
ALL INDIA TRINAMOOL CONGRESS,2023-10-20,116200000,"Chhattisgarh, Mizoram, Madhya Pradesh, Rajasthan, Telangana",28
RASTRIYA JANTA DAL,2023-10-20,10000000,"Chhattisgarh, Mizoram, Madhya Pradesh, Rajasthan, Telangana",28
SHIVSENA (POLITICAL PARTY),2023-10-20,1700000,"Chhattisgarh, Mizoram, Madhya Pradesh, Rajasthan, Telangana",28
BHARTIYA JANTA PARTY,2023-10-21,50000000,"Chhattisgarh, Mizoram, Madhya Pradesh, Rajasthan, Telangana",28
"PRESIDENT, ALL INDIA CONGRESS COMMITTEE",2023-10-21,20000000,"Chhattisgarh, Mizoram, Madhya Pradesh, Rajasthan, Telangana",28
"PRESIDENT, ALL INDIA CONGRESS COMMITTEE",2023-10-23,7000000,"Chhattisgarh, Mizoram, Madhya Pradesh, Rajasthan, Telangana",28
BHARTIYA JANTA PARTY,2023-10-25,1000000,"Chhattisgarh, Mizoram, Madhya Pradesh, Rajasthan, Telangana",28
"PRESIDENT, ALL INDIA CONGRESS COMMITTEE",2023-10-25,50000000,"Chhattisgarh, Mizoram, Madhya Pradesh, Rajasthan, Telangana",28
ALL INDIA TRINAMOOL CONGRESS,2023-10-26,17000000,"Chhattisgarh, Mizoram, Madhya Pradesh, Rajasthan, Telangana",28
BHARTIYA JANTA PARTY,2023-10-26,155000000,"Chhattisgarh, Mizoram, Madhya Pradesh, Rajasthan, Telangana",28
ALL INDIA TRINAMOOL CONGRESS,2023-10-27,30300000,"Chhattisgarh, Mizoram, Madhya Pradesh, Rajasthan, Telangana",28
BHARTIYA JANTA PARTY,2023-10-27,10000000,"Chhattisgarh, Mizoram, Madhya Pradesh, Rajasthan, Telangana",28
"PRESIDENT, ALL INDIA CONGRESS COMMITTEE",2023-11-09,60000000,"Chhattisgarh, Mizoram, Madhya Pradesh, Rajasthan, Telangana",29
"PRESIDENT, ALL INDIA CONGRESS COMMITTEE",2023-11-10,190000000,"Chhattisgarh, Mizoram, Madhya Pradesh, Rajasthan, Telangana",29
SIKKIM DEMOCRATIC FRONT,2023-11-10,50000000,"Chhattisgarh, Mizoram, Madhya Pradesh, Rajasthan, Telangana",29
BHARTIYA JANTA PARTY,2023-11-13,1152500000,"Chhattisgarh, Mizoram, Madhya Pradesh, Rajasthan, Telangana",29
"PRESIDENT, ALL INDIA CONGRESS COMMITTEE",2023-11-13,85000000,"Chhattisgarh, Mizoram, Madhya Pradesh, Rajasthan, Telangana",29
"PRESIDENT, ALL INDIA CONGRESS COMMITTEE",2023-11-14,300000000,"Chhattisgarh, Mizoram, Madhya Pradesh, Rajasthan, Telangana",29
"PRESIDENT, ALL INDIA CONGRESS COMMITTEE",2023-11-15,90000000,"Chhattisgarh, Mizoram, Madhya Pradesh, Rajasthan, Telangana",29
BHARAT RASHTRA SAMITHI,2023-11-16,5000000,"Chhattisgarh, Mizoram, Madhya Pradesh, Rajasthan, Telangana",29
BHARTIYA JANTA PARTY,2023-11-17,1482500000,"Chhattisgarh, Mizoram, Madhya Pradesh, Rajasthan, Telangana",29
YSR CONGRESS PARTY (YUVAJANA SRAMIKA R,2023-11-17,200000000,"Chhattisgarh, Mizoram, Madhya Pradesh, Rajasthan, Telangana",29
BHARAT RASHTRA SAMITHI,2023-11-18,80000000,"Chhattisgarh, Mizoram, Madhya Pradesh, Rajasthan, Telangana",29
BHARTIYA JANTA PARTY,2023-11-20,1695000000,"Chhattisgarh, Mizoram, Madhya Pradesh, Rajasthan, Telangana",29
BIJU JANATA DAL,2023-11-20,50000000,"Chhattisgarh, Mizoram, Madhya Pradesh, Rajasthan, Telangana",29
"PRESIDENT, ALL INDIA CONGRESS COMMITTEE",2023-11-20,150000000,"Chhattisgarh, Mizoram, Madhya Pradesh, Rajasthan, Telangana",29
BHARTIYA JANTA PARTY,2023-11-21,350000000,"Chhattisgarh, Mizoram, Madhya Pradesh, Rajasthan, Telangana",29
"PRESIDENT, ALL INDIA CONGRESS COMMITTEE",2023-11-21,400000000,"Chhattisgarh, Mizoram, Madhya Pradesh, Rajasthan, Telangana",29
BHARTIYA JANTA PARTY,2023-11-22,1350000000,"Chhattisgarh, Mizoram, Madhya Pradesh, Rajasthan, Telangana",29
TELUGU DESAM PARTY,2023-11-22,99000000,"Chhattisgarh, Mizoram, Madhya Pradesh, Rajasthan, Telangana",29
BHARAT RASHTRA SAMITHI,2023-11-23,50000000,"Chhattisgarh, Mizoram, Madhya Pradesh, Rajasthan, Telangana",29
BHARTIYA JANTA PARTY,2023-11-23,800000000,"Chhattisgarh, Mizoram, Madhya Pradesh, Rajasthan, Telangana",29
BHARTIYA JANTA PARTY,2023-11-24,140010000,"Chhattisgarh, Mizoram, Madhya Pradesh, Rajasthan, Telangana",29
BIJU JANATA DAL,2023-11-24,250000000,"Chhattisgarh, Mizoram, Madhya Pradesh, Rajasthan, Telangana",29
"PRESIDENT, ALL INDIA CONGRESS COMMITTEE",2023-11-24,130000000,"Chhattisgarh, Mizoram, Madhya Pradesh, Rajasthan, Telangana",29
YSR CONGRESS PARTY (YUVAJANA SRAMIKA R,2023-11-24,40000000,"Chhattisgarh, Mizoram, Madhya Pradesh, Rajasthan, Telangana",29
ALL INDIA TRINAMOOL CONGRESS,2023-11-28,67300000,"Chhattisgarh, Mizoram, Madhya Pradesh, Rajasthan, Telangana",29
BHARTIYA JANTA PARTY,2023-11-28,50000000,"Chhattisgarh, Mizoram, Madhya Pradesh, Rajasthan, Telangana",29
"PRESIDENT, ALL INDIA CONGRESS COMMITTEE",2023-11-28,390000000,"Chhattisgarh, Mizoram, Madhya Pradesh, Rajasthan, Telangana",29
TELUGU DESAM PARTY,2023-11-28,1000000,"Chhattisgarh, Mizoram, Madhya Pradesh, Rajasthan, Telangana",29
BHARTIYA JANTA PARTY,2023-12-01,13000000,Lok Sabha 2024,29
YSR CONGRESS PARTY (YUVAJANA SRAMIKA R,2023-12-02,250000000,Lok Sabha 2024,29
YSR CONGRESS PARTY (YUVAJANA SRAMIKA R,2023-12-04,90000000,Lok Sabha 2024,29
TELUGU DESAM PARTY,2024-01-08,102000000,Lok Sabha 2024,30
ALL INDIA TRINAMOOL CONGRESS,2024-01-10,350000000,Lok Sabha 2024,30
ALL INDIA TRINAMOOL CONGRESS,2024-01-11,630000000,Lok Sabha 2024,30
TELUGU DESAM PARTY,2024-01-11,350000000,Lok Sabha 2024,30
BHARTIYA JANTA PARTY,2024-01-12,1100000000,Lok Sabha 2024,30
TELUGU DESAM PARTY,2024-01-12,470000000,Lok Sabha 2024,30
ALL INDIA TRINAMOOL CONGRESS,2024-01-15,150000000,Lok Sabha 2024,30
"PRESIDENT, ALL INDIA CONGRESS COMMITTEE",2024-01-15,214000000,Lok Sabha 2024,30
SHIVSENA (POLITICAL PARTY),2024-01-15,250000000,Lok Sabha 2024,30
ALL INDIA TRINAMOOL CONGRESS,2024-01-16,20000000,Lok Sabha 2024,30
"PRESIDENT, ALL INDIA CONGRESS COMMITTEE",2024-01-16,50000000,Lok Sabha 2024,30
TELUGU DESAM PARTY,2024-01-16,200000000,Lok Sabha 2024,30
ALL INDIA TRINAMOOL CONGRESS,2024-01-17,54500000,Lok Sabha 2024,30
BHARTIYA JANTA PARTY,2024-01-17,350000000,Lok Sabha 2024,30
JANASENA PARTY,2024-01-17,150000000,Lok Sabha 2024,30
TELUGU DESAM PARTY,2024-01-17,30000000,Lok Sabha 2024,30
ALL INDIA TRINAMOOL CONGRESS,2024-01-18,100000000,Lok Sabha 2024,30
"PRESIDENT, ALL INDIA CONGRESS COMMITTEE",2024-01-18,85000000,Lok Sabha 2024,30
SIKKIM DEMOCRATIC FRONT,2024-01-18,5000000,Lok Sabha 2024,30
BHARTIYA JANTA PARTY,2024-01-19,500000000,Lok Sabha 2024,30
SIKKIM KRANTIKARI MORCHA,2024-01-19,30000000,Lok Sabha 2024,30
YSR CONGRESS PARTY (YUVAJANA SRAMIKA R,2024-01-19,30000000,Lok Sabha 2024,30
JANASENA PARTY,2024-01-20,10000000,Lok Sabha 2024,30
RASTRIYA JANTA DAL,2024-01-20,150000000,Lok Sabha 2024,30
"PRESIDENT, ALL INDIA CONGRESS COMMITTEE",2024-01-22,10000000,Lok Sabha 2024,30
TELUGU DESAM PARTY,2024-01-22,30000000,Lok Sabha 2024,30
DMK PARTY IN PARLIAMENT,2024-01-23,200000000,Lok Sabha 2024,30
BHARTIYA JANTA PARTY,2024-01-24,70000000,Lok Sabha 2024,30
JANASENA PARTY,2024-01-24,10000000,Lok Sabha 2024,30
