Name of the Political Party,"Date of Encashment",Sum,Upcoming Election
ALL INDIA ANNA DRAVIDA MUNNETRA KAZHAGAM,12-Apr-19,60000000,"Odisha, Lok Sabha"
BHARAT RASHTRA SAMITHI,12-Apr-19,225000000,"Odisha, Lok Sabha"
BHARTIYA JANTA PARTY,12-Apr-19,2463000000,"Odisha, Lok Sabha"
"PRESIDENT, ALL INDIA CONGRESS COMMITTEE",12-Apr-19,101000000,"Odisha, Lok Sabha"
SHIVSENA (POLITICAL PARTY),12-Apr-19,37000000,"Odisha, Lok Sabha"
TELUGU DESAM PARTY,12-Apr-19,3000000,"Odisha, Lok Sabha"
YSR CONGRESS PARTY (YUVAJANA SRAMIKA R,12-Apr-19,62500000,"Odisha, Lok Sabha"
ALL INDIA ANNA DRAVIDA MUNNETRA KAZHAGAM,15-Apr-19,500000,"Odisha, Lok Sabha"
BHARTIYA JANTA PARTY,15-Apr-19,500500000,"Odisha, Lok Sabha"
DMK PARTY IN PARLIAMENT,15-Apr-19,70000000,"Odisha, Lok Sabha"
JANATA DAL ( SECULAR ),15-Apr-19,25000000,"Odisha, Lok Sabha"
NATIONALIST CONGRESS PARTY PARLIAMENT OF,15-Apr-19,15000000,"Odisha, Lok Sabha"
"PRESIDENT, ALL INDIA CONGRESS COMMITTEE",15-Apr-19,354500000,"Odisha, Lok Sabha"
SHIVSENA (POLITICAL PARTY),15-Apr-19,20000000,"Odisha, Lok Sabha"
TELUGU DESAM PARTY,15-Apr-19,50000000,"Odisha, Lok Sabha"
ALL INDIA TRINAMOOL CONGRESS,16-Apr-19,170100000,"Odisha, Lok Sabha"
BHARTIYA JANTA PARTY,16-Apr-19,1162000000,"Odisha, Lok Sabha"
BIHAR PRADESH JANTA DAL(UNITED),16-Apr-19,20000000,"Odisha, Lok Sabha"
"PRESIDENT, ALL INDIA CONGRESS COMMITTEE",16-Apr-19,179200000,"Odisha, Lok Sabha"
RASTRIYA JANTA DAL,16-Apr-19,10000000,"Odisha, Lok Sabha"
AAM AADMI PARTY,18-Apr-19,2000000,"Odisha, Lok Sabha"
ADYAKSHA SAMAJVADI PARTY,18-Apr-19,8400000,"Odisha, Lok Sabha"
BHARAT RASHTRA SAMITHI,18-Apr-19,10000000,"Odisha, Lok Sabha"
BHARTIYA JANTA PARTY,18-Apr-19,2275800000,"Odisha, Lok Sabha"
NATIONALIST CONGRESS PARTY PARLIAMENT OF,18-Apr-19,10000000,"Odisha, Lok Sabha"
"PRESIDENT, ALL INDIA CONGRESS COMMITTEE",18-Apr-19,128700000,"Odisha, Lok Sabha"
SHIVSENA (POLITICAL PARTY),18-Apr-19,12000000,"Odisha, Lok Sabha"
TELUGU DESAM PARTY,18-Apr-19,20000000,"Odisha, Lok Sabha"
YSR CONGRESS PARTY (YUVAJANA SRAMIKA R,18-Apr-19,20000000,"Odisha, Lok Sabha"
BHARTIYA JANTA PARTY,20-Apr-19,2107500000,"Odisha, Lok Sabha"
"PRESIDENT, ALL INDIA CONGRESS COMMITTEE",20-Apr-19,142210000,"Odisha, Lok Sabha"
SHIROMANI AKALI DAL,20-Apr-19,60070000,"Odisha, Lok Sabha"
SHIVSENA (POLITICAL PARTY),20-Apr-19,50000000,"Odisha, Lok Sabha"
ALL INDIA TRINAMOOL CONGRESS,22-Apr-19,7500000,"Odisha, Lok Sabha"
BHARAT RASHTRA SAMITHI,22-Apr-19,500000,"Odisha, Lok Sabha"
BHARTIYA JANTA PARTY,22-Apr-19,441801000,"Odisha, Lok Sabha"
"PRESIDENT, ALL INDIA CONGRESS COMMITTEE",22-Apr-19,110000000,"Odisha, Lok Sabha"
SHIROMANI AKALI DAL,22-Apr-19,2530000,"Odisha, Lok Sabha"
SHIVSENA (POLITICAL PARTY),22-Apr-19,2500000,"Odisha, Lok Sabha"
BHARTIYA JANTA PARTY,23-Apr-19,1308500000,"Odisha, Lok Sabha"
DMK PARTY IN PARLIAMENT,23-Apr-19,20000000,"Odisha, Lok Sabha"
JHARKHAND MUKTI MORCHA,23-Apr-19,10000000,"Odisha, Lok Sabha"
"PRESIDENT, ALL INDIA CONGRESS COMMITTEE",23-Apr-19,75000000,"Odisha, Lok Sabha"
SHIVSENA (POLITICAL PARTY),23-Apr-19,20000000,"Odisha, Lok Sabha"
"PRESIDENT, ALL INDIA CONGRESS COMMITTEE",24-Apr-19,2000000,"Odisha, Lok Sabha"
RASTRIYA JANTA DAL,24-Apr-19,15000000,"Odisha, Lok Sabha"
BHARTIYA JANTA PARTY,25-Apr-19,131000000,"Odisha, Lok Sabha"
"PRESIDENT, ALL INDIA CONGRESS COMMITTEE",25-Apr-19,20000000,"Odisha, Lok Sabha"
SHIVSENA (POLITICAL PARTY),25-Apr-19,1000000,"Odisha, Lok Sabha"
BIHAR PRADESH JANTA DAL(UNITED),26-Apr-19,10000000,"Odisha, Lok Sabha"
"PRESIDENT, ALL INDIA CONGRESS COMMITTEE",26-Apr-19,73000000,"Odisha, Lok Sabha"
BHARTIYA JANTA PARTY,29-Apr-19,178500000,"Odisha, Lok Sabha"
JAMMU AND KASHMIR NATIONAL CONFERENCE,29-Apr-19,5000000,"Odisha, Lok Sabha"
SHIVSENA (POLITICAL PARTY),30-Apr-19,3800000,Lok Sabha
BHARTIYA JANTA PARTY,02-May-19,20100000,Lok Sabha
BHARTIYA JANTA PARTY,03-May-19,50000000,Lok Sabha
SHIVSENA (POLITICAL PARTY),04-May-19,2500000,Lok Sabha
ALL INDIA TRINAMOOL CONGRESS,08-May-19,50000000,Lok Sabha
BHARAT RASHTRA SAMITHI,08-May-19,70000000,Lok Sabha
"PRESIDENT, ALL INDIA CONGRESS COMMITTEE",08-May-19,20000000,Lok Sabha
NATIONALIST CONGRESS PARTY PARLIAMENT OF,09-May-19,10000000,Lok Sabha
"PRESIDENT, ALL INDIA CONGRESS COMMITTEE",09-May-19,150000000,Lok Sabha
ADYAKSHA SAMAJVADI PARTY,10-May-19,100000000,Lok Sabha
BHARTIYA JANTA PARTY,10-May-19,3961500000,Lok Sabha
"PRESIDENT, ALL INDIA CONGRESS COMMITTEE",10-May-19,50000000,Lok Sabha
SHIROMANI AKALI DAL,10-May-19,5000000,Lok Sabha
"PRESIDENT, ALL INDIA CONGRESS COMMITTEE",13-May-19,125000000,Lok Sabha
SHIVSENA (POLITICAL PARTY),13-May-19,5000000,Lok Sabha
ALL INDIA TRINAMOOL CONGRESS,14-May-19,279546000,Lok Sabha
BHARTIYA JANTA PARTY,14-May-19,2412500000,Lok Sabha
AAM AADMI PARTY,15-May-19,10000000,Lok Sabha
BHARAT RASHTRA SAMITHI,15-May-19,16029000,Lok Sabha
"PRESIDENT, ALL INDIA CONGRESS COMMITTEE",15-May-19,50000000,Lok Sabha
"PRESIDENT, ALL INDIA CONGRESS COMMITTEE",16-May-19,100000000,Lok Sabha
BHARAT RASHTRA SAMITHI,17-May-19,40000000,Lok Sabha
BHARTIYA JANTA PARTY,20-May-19,701500000,"Haryana, Maharashtra"
"PRESIDENT, ALL INDIA CONGRESS COMMITTEE",20-May-19,5000000,"Haryana, Maharashtra"
AAM AADMI PARTY,21-May-19,10000000,"Haryana, Maharashtra"
ALL INDIA TRINAMOOL CONGRESS,22-May-19,10000000,"Haryana, Maharashtra"
BHARAT RASHTRA SAMITHI,22-May-19,10000000,"Haryana, Maharashtra"
BHARTIYA JANTA PARTY,22-May-19,1500000,"Haryana, Maharashtra"
SHIVSENA (POLITICAL PARTY),11-Jul-19,50000000,"Haryana, Maharashtra, Jhakhand"
ALL INDIA TRINAMOOL CONGRESS,15-Jul-19,153800000,"Haryana, Maharashtra, Jhakhand"
BHARTIYA JANTA PARTY,18-Jul-19,110000000,"Haryana, Maharashtra, Jhakhand"
BIJU JANATA DAL,20-Jul-19,100000000,"Haryana, Maharashtra, Jhakhand"
BHARTIYA JANTA PARTY,22-Jul-19,40000000,"Haryana, Maharashtra, Jhakhand"
ALL INDIA TRINAMOOL CONGRESS,03-Oct-19,200000000,"Haryana, Maharashtra, Jhakhand"
NATIONALIST CONGRESS PARTY PARLIAMENT OF,05-Oct-19,20000000,"Haryana, Maharashtra, Jhakhand"
SHIVSENA (POLITICAL PARTY),05-Oct-19,30000000,"Haryana, Maharashtra, Jhakhand"
SHIVSENA,09-Oct-19,10000000,"Haryana, Maharashtra, Jhakhand"
SHIVSENA (POLITICAL PARTY),09-Oct-19,35000000,"Haryana, Maharashtra, Jhakhand"
NATIONALIST CONGRESS PARTY MAHARASHTRA PRADESH,10-Oct-19,5000000,"Haryana, Maharashtra, Jhakhand"
NATIONALIST CONGRESS PARTY PARLIAMENT OF,10-Oct-19,70000000,"Haryana, Maharashtra, Jhakhand"
BHARTIYA JANTA PARTY,11-Oct-19,932500000,"Haryana, Maharashtra, Jhakhand"
NATIONALIST CONGRESS PARTY PARLIAMENT OF,11-Oct-19,25000000,"Haryana, Maharashtra, Jhakhand"
SHIVSENA (POLITICAL PARTY),14-Oct-19,55000000,"Haryana, Maharashtra, Jhakhand"
BHARTIYA JANTA PARTY,15-Oct-19,358300000,"Haryana, Maharashtra, Jhakhand"
"PRESIDENT, ALL INDIA CONGRESS COMMITTEE",15-Oct-19,2500000,"Haryana, Maharashtra, Jhakhand"
BHARTIYA JANTA PARTY,16-Oct-19,350000000,"Haryana, Maharashtra, Jhakhand"
BHARTIYA JANTA PARTY,18-Oct-19,50000000,"Haryana, Maharashtra, Jhakhand"
BHARTIYA JANTA PARTY,19-Oct-19,130000000,"Haryana, Maharashtra, Jhakhand"
"PRESIDENT, ALL INDIA CONGRESS COMMITTEE",19-Oct-19,10000000,"Haryana, Maharashtra, Jhakhand"
"PRESIDENT, ALL INDIA CONGRESS COMMITTEE",22-Oct-19,5000000,"Jharkhand, Delhi"
BHARTIYA JANTA PARTY,23-Oct-19,31000000,"Jharkhand, Delhi"
BIJU JANATA DAL,20-Jan-20,40000000,Delhi
BHARTIYA JANTA PARTY,21-Jan-20,450000000,Delhi
AAM AADMI PARTY,24-Jan-20,3000000,Delhi
BIJU JANATA DAL,24-Jan-20,30000000,Delhi
ALL INDIA TRINAMOOL CONGRESS,27-Jan-20,123700000,Delhi
BHARTIYA JANTA PARTY,27-Jan-20,50000000,Delhi
BIJU JANATA DAL,27-Jan-20,30000000,Delhi
"PRESIDENT, ALL INDIA CONGRESS COMMITTEE",28-Jan-20,60000000,Delhi
BHARTIYA JANTA PARTY,03-Feb-20,30000000,Delhi
ALL INDIA TRINAMOOL CONGRESS,22-Oct-20,150000000,Bihar
ALL INDIA TRINAMOOL CONGRESS,23-Oct-20,4000000,Bihar
BIJU JANATA DAL,23-Oct-20,500000000,Bihar
DMK PARTY IN PARLIAMENT,23-Oct-20,600000000,Bihar
BIJU JANATA DAL,27-Oct-20,120000000,Bihar
BIJU JANATA DAL,28-Oct-20,50000000,Bihar
DMK PARTY IN PARLIAMENT,29-Oct-20,200000000,Bihar
"PRESIDENT, ALL INDIA CONGRESS COMMITTEE",29-Oct-20,30000000,Bihar
RASTRIYA JANTA DAL,29-Oct-20,10000000,Bihar
ALL INDIA TRINAMOOL CONGRESS,31-Oct-20,10000000,Bihar
BIHAR PRADESH JANTA DAL(UNITED),31-Oct-20,10000000,Bihar
BHARTIYA JANTA PARTY,02-Nov-20,189000000,Bihar
BHARTIYA JANTA PARTY,05-Nov-20,19900000,Bihar
AAM AADMI PARTY,06-Nov-20,30000000,Bihar
ALL INDIA TRINAMOOL CONGRESS,07-Nov-20,10000000,Bihar
YSR CONGRESS PARTY (YUVAJANA SRAMIKA R,07-Nov-20,890000000,Bihar
ALL INDIA TRINAMOOL CONGRESS,07-Jan-21,250000000,"Assam, Kerala, Tamil Nadu, West Bengal, Puducherry"
AAM AADMI PARTY,13-Jan-21,12500000,"Assam, Kerala, Tamil Nadu, West Bengal, Puducherry"
ALL INDIA TRINAMOOL CONGRESS,13-Jan-21,10000000,"Assam, Kerala, Tamil Nadu, West Bengal, Puducherry"
"PRESIDENT, ALL INDIA CONGRESS COMMITTEE",18-Jan-21,70750000,"Assam, Kerala, Tamil Nadu, West Bengal, Puducherry"
YSR CONGRESS PARTY (YUVAJANA SRAMIKA R,18-Jan-21,62500000,"Assam, Kerala, Tamil Nadu, West Bengal, Puducherry"
BHARTIYA JANTA PARTY,19-Jan-21,10000000,"Assam, Kerala, Tamil Nadu, West Bengal, Puducherry"
BHARTIYA JANTA PARTY,20-Jan-21,4950000,"Assam, Kerala, Tamil Nadu, West Bengal, Puducherry"
BIJU JANATA DAL,07-Apr-21,545000000,West Bengal
DMK PARTY IN PARLIAMENT,07-Apr-21,1030000000,West Bengal
TELUGU DESAM PARTY,07-Apr-21,25000000,West Bengal
BHARTIYA JANTA PARTY,08-Apr-21,1145000000,West Bengal
"PRESIDENT, ALL INDIA CONGRESS COMMITTEE",08-Apr-21,50000000,West Bengal
TELUGU DESAM PARTY,08-Apr-21,10000000,West Bengal
NATIONALIST CONGRESS PARTY PARLIAMENT OF,09-Apr-21,38000000,West Bengal
"PRESIDENT, ALL INDIA CONGRESS COMMITTEE",09-Apr-21,250000000,West Bengal
ALL INDIA TRINAMOOL CONGRESS,12-Apr-21,502400000,West Bengal
BHARTIYA JANTA PARTY,12-Apr-21,1730000000,West Bengal
BIJU JANATA DAL,12-Apr-21,545000000,West Bengal
DMK PARTY IN PARLIAMENT,12-Apr-21,30000000,West Bengal
"PRESIDENT, ALL INDIA CONGRESS COMMITTEE",12-Apr-21,80000000,West Bengal
AAM AADMI PARTY,13-Apr-21,2000000,West Bengal
ALL INDIA TRINAMOOL CONGRESS,13-Apr-21,50000000,West Bengal
BIJU JANATA DAL,13-Apr-21,70000000,West Bengal
"PRESIDENT, ALL INDIA CONGRESS COMMITTEE",13-Apr-21,177500000,West Bengal
AAM AADMI PARTY,15-Apr-21,1500000,West Bengal
BHARTIYA JANTA PARTY,16-Apr-21,40000000,West Bengal
"PRESIDENT, ALL INDIA CONGRESS COMMITTEE",16-Apr-21,30000000,West Bengal
ALL INDIA TRINAMOOL CONGRESS,19-Apr-21,2000000,West Bengal
YSR CONGRESS PARTY (YUVAJANA SRAMIKA R,19-Apr-21,600000000,West Bengal
ALL INDIA TRINAMOOL CONGRESS,09-Jul-21,26500000,"Uttarakhand, Punjab, Uttar Pradesh, Goa, Manipur"
ALL INDIA TRINAMOOL CONGRESS,12-Jul-21,610000000,"Uttarakhand, Punjab, Uttar Pradesh, Goa, Manipur"
"PRESIDENT, ALL INDIA CONGRESS COMMITTEE",12-Jul-21,247000000,"Uttarakhand, Punjab, Uttar Pradesh, Goa, Manipur"
ALL INDIA TRINAMOOL CONGRESS,13-Jul-21,230000000,"Uttarakhand, Punjab, Uttar Pradesh, Goa, Manipur"
ALL INDIA TRINAMOOL CONGRESS,14-Jul-21,95100000,"Uttarakhand, Punjab, Uttar Pradesh, Goa, Manipur"
BHARTIYA JANTA PARTY,14-Jul-21,150000000,"Uttarakhand, Punjab, Uttar Pradesh, Goa, Manipur"
ALL INDIA TRINAMOOL CONGRESS,15-Jul-21,64300000,"Uttarakhand, Punjab, Uttar Pradesh, Goa, Manipur"
ALL INDIA TRINAMOOL CONGRESS,16-Jul-21,39730000,"Uttarakhand, Punjab, Uttar Pradesh, Goa, Manipur"
BHARTIYA JANTA PARTY,17-Jul-21,30000000,"Uttarakhand, Punjab, Uttar Pradesh, Goa, Manipur"
AAM AADMI PARTY,19-Jul-21,2500000,"Uttarakhand, Punjab, Uttar Pradesh, Goa, Manipur"
ALL INDIA TRINAMOOL CONGRESS,23-Jul-21,10000000,"Uttarakhand, Punjab, Uttar Pradesh, Goa, Manipur"
"PRESIDENT, ALL INDIA CONGRESS COMMITTEE",05-Oct-21,120000000,"Uttarakhand, Punjab, Uttar Pradesh, Goa, Manipur"
BIJU JANATA DAL,07-Oct-21,700000000,"Uttarakhand, Punjab, Uttar Pradesh, Goa, Manipur"
"PRESIDENT, ALL INDIA CONGRESS COMMITTEE",07-Oct-21,124300000,"Uttarakhand, Punjab, Uttar Pradesh, Goa, Manipur"
ALL INDIA TRINAMOOL CONGRESS,08-Oct-21,355000000,"Uttarakhand, Punjab, Uttar Pradesh, Goa, Manipur"
BHARAT RASHTRA SAMITHI,08-Oct-21,850000000,"Uttarakhand, Punjab, Uttar Pradesh, Goa, Manipur"
ALL INDIA TRINAMOOL CONGRESS,11-Oct-21,747500000,"Uttarakhand, Punjab, Uttar Pradesh, Goa, Manipur"
BHARAT RASHTRA SAMITHI,11-Oct-21,680000000,"Uttarakhand, Punjab, Uttar Pradesh, Goa, Manipur"
BHARTIYA JANTA PARTY,11-Oct-21,70000000,"Uttarakhand, Punjab, Uttar Pradesh, Goa, Manipur"
BIJU JANATA DAL,11-Oct-21,110000000,"Uttarakhand, Punjab, Uttar Pradesh, Goa, Manipur"
DMK PARTY IN PARLIAMENT,11-Oct-21,990000000,"Uttarakhand, Punjab, Uttar Pradesh, Goa, Manipur"
"PRESIDENT, ALL INDIA CONGRESS COMMITTEE",11-Oct-21,21150000,"Uttarakhand, Punjab, Uttar Pradesh, Goa, Manipur"
BIJU JANATA DAL,12-Oct-21,440000000,"Uttarakhand, Punjab, Uttar Pradesh, Goa, Manipur"
"PRESIDENT, ALL INDIA CONGRESS COMMITTEE",12-Oct-21,63545000,"Uttarakhand, Punjab, Uttar Pradesh, Goa, Manipur"
BHARTIYA JANTA PARTY,13-Oct-21,550000000,"Uttarakhand, Punjab, Uttar Pradesh, Goa, Manipur"
ALL INDIA TRINAMOOL CONGRESS,16-Oct-21,251900000,"Uttarakhand, Punjab, Uttar Pradesh, Goa, Manipur"
ALL INDIA TRINAMOOL CONGRESS,18-Oct-21,64000000,"Uttarakhand, Punjab, Uttar Pradesh, Goa, Manipur"
ALL INDIA TRINAMOOL CONGRESS,19-Oct-21,1000000,"Uttarakhand, Punjab, Uttar Pradesh, Goa, Manipur"
"PRESIDENT, ALL INDIA CONGRESS COMMITTEE",20-Oct-21,5000000,"Uttarakhand, Punjab, Uttar Pradesh, Goa, Manipur"
"PRESIDENT, ALL INDIA CONGRESS COMMITTEE",06-Jan-22,179800000,"Uttarakhand, Punjab, Uttar Pradesh, Goa, Manipur"
SHIVSENA (POLITICAL PARTY),06-Jan-22,250000000,"Uttarakhand, Punjab, Uttar Pradesh, Goa, Manipur"
AAM AADMI PARTY,10-Jan-22,20000000,"Uttarakhand, Punjab, Uttar Pradesh, Goa, Manipur"
ADYAKSHA SAMAJVADI PARTY,10-Jan-22,2100000,"Uttarakhand, Punjab, Uttar Pradesh, Goa, Manipur"
ALL INDIA TRINAMOOL CONGRESS,10-Jan-22,690000000,"Uttarakhand, Punjab, Uttar Pradesh, Goa, Manipur"
BHARTIYA JANTA PARTY,10-Jan-22,2512500000,"Uttarakhand, Punjab, Uttar Pradesh, Goa, Manipur"
BIHAR PRADESH JANTA DAL(UNITED),10-Jan-22,100000000,"Uttarakhand, Punjab, Uttar Pradesh, Goa, Manipur"
BIJU JANATA DAL,10-Jan-22,200000000,"Uttarakhand, Punjab, Uttar Pradesh, Goa, Manipur"
"PRESIDENT, ALL INDIA CONGRESS COMMITTEE",10-Jan-22,200000000,"Uttarakhand, Punjab, Uttar Pradesh, Goa, Manipur"
ALL INDIA TRINAMOOL CONGRESS,11-Jan-22,290000000,"Uttarakhand, Punjab, Uttar Pradesh, Goa, Manipur"
BIJU JANATA DAL,11-Jan-22,170000000,"Uttarakhand, Punjab, Uttar Pradesh, Goa, Manipur"
DMK PARTY IN PARLIAMENT,11-Jan-22,1000000000,"Uttarakhand, Punjab, Uttar Pradesh, Goa, Manipur"
NATIONALIST CONGRESS PARTY PARLIAMENT OF,11-Jan-22,100000000,"Uttarakhand, Punjab, Uttar Pradesh, Goa, Manipur"
SHIVSENA (POLITICAL PARTY),11-Jan-22,40000000,"Uttarakhand, Punjab, Uttar Pradesh, Goa, Manipur"
AAM AADMI PARTY,12-Jan-22,2500000,"Uttarakhand, Punjab, Uttar Pradesh, Goa, Manipur"
BHARTIYA JANTA PARTY,12-Jan-22,937500000,"Uttarakhand, Punjab, Uttar Pradesh, Goa, Manipur"
GOA FORWARD PARTY,12-Jan-22,3500000,"Uttarakhand, Punjab, Uttar Pradesh, Goa, Manipur"
"PRESIDENT, ALL INDIA CONGRESS COMMITTEE",12-Jan-22,508700000,"Uttarakhand, Punjab, Uttar Pradesh, Goa, Manipur"
ADYAKSHA SAMAJVADI PARTY,13-Jan-22,30000000,"Uttarakhand, Punjab, Uttar Pradesh, Goa, Manipur"
ALL INDIA TRINAMOOL CONGRESS,13-Jan-22,600000000,"Uttarakhand, Punjab, Uttar Pradesh, Goa, Manipur"
BIJU JANATA DAL,13-Jan-22,30000000,"Uttarakhand, Punjab, Uttar Pradesh, Goa, Manipur"
"PRESIDENT, ALL INDIA CONGRESS COMMITTEE",13-Jan-22,275000000,"Uttarakhand, Punjab, Uttar Pradesh, Goa, Manipur"
AAM AADMI PARTY,14-Jan-22,5000000,"Uttarakhand, Punjab, Uttar Pradesh, Goa, Manipur"
ALL INDIA TRINAMOOL CONGRESS,14-Jan-22,510000000,"Uttarakhand, Punjab, Uttar Pradesh, Goa, Manipur"
BHARTIYA JANTA PARTY,14-Jan-22,1755000000,"Uttarakhand, Punjab, Uttar Pradesh, Goa, Manipur"
SHIROMANI AKALI DAL,14-Jan-22,5000000,"Uttarakhand, Punjab, Uttar Pradesh, Goa, Manipur"
ALL INDIA TRINAMOOL CONGRESS,15-Jan-22,60000000,"Uttarakhand, Punjab, Uttar Pradesh, Goa, Manipur"
NATIONALIST CONGRESS PARTY PARLIAMENT OF,15-Jan-22,2000000,"Uttarakhand, Punjab, Uttar Pradesh, Goa, Manipur"
ALL INDIA TRINAMOOL CONGRESS,17-Jan-22,56000000,"Uttarakhand, Punjab, Uttar Pradesh, Goa, Manipur"
BHARTIYA JANTA PARTY,17-Jan-22,1075000000,"Uttarakhand, Punjab, Uttar Pradesh, Goa, Manipur"
AAM AADMI PARTY,18-Jan-22,4500000,"Uttarakhand, Punjab, Uttar Pradesh, Goa, Manipur"
BHARTIYA JANTA PARTY,18-Jan-22,205000000,"Uttarakhand, Punjab, Uttar Pradesh, Goa, Manipur"
MAHARASHTRAWADI GOMNTAK PARTY,18-Jan-22,5500000,"Uttarakhand, Punjab, Uttar Pradesh, Goa, Manipur"
"PRESIDENT, ALL INDIA CONGRESS COMMITTEE",18-Jan-22,27000000,"Uttarakhand, Punjab, Uttar Pradesh, Goa, Manipur"
BIJU JANATA DAL,20-Jan-22,100000000,"Uttarakhand, Punjab, Uttar Pradesh, Goa, Manipur"
"PRESIDENT, ALL INDIA CONGRESS COMMITTEE",20-Jan-22,2000000,"Uttarakhand, Punjab, Uttar Pradesh, Goa, Manipur"
AAM AADMI PARTY,21-Jan-22,2000000,"Uttarakhand, Punjab, Uttar Pradesh, Goa, Manipur"
ALL INDIA TRINAMOOL CONGRESS,21-Jan-22,4000000,"Uttarakhand, Punjab, Uttar Pradesh, Goa, Manipur"
BHARTIYA JANTA PARTY,21-Jan-22,137000000,"Uttarakhand, Punjab, Uttar Pradesh, Goa, Manipur"
ALL INDIA TRINAMOOL CONGRESS,24-Jan-22,32000000,"Uttarakhand, Punjab, Uttar Pradesh, Goa, Manipur"
BHARAT RASHTRA SAMITHI,06-Apr-22,500000000,"Himachal Pradesh, Gujarat"
ALL INDIA TRINAMOOL CONGRESS,08-Apr-22,150000000,"Himachal Pradesh, Gujarat"
BHARAT RASHTRA SAMITHI,11-Apr-22,920000000,"Himachal Pradesh, Gujarat"
BIJU JANATA DAL,11-Apr-22,30000000,"Himachal Pradesh, Gujarat"
DMK PARTY IN PARLIAMENT,11-Apr-22,1000000000,"Himachal Pradesh, Gujarat"
BHARAT RASHTRA SAMITHI,12-Apr-22,2680000000,"Himachal Pradesh, Gujarat"
BHARTIYA JANTA PARTY,12-Apr-22,430000000,"Himachal Pradesh, Gujarat"
BHARAT RASHTRA SAMITHI,13-Apr-22,9870000,"Himachal Pradesh, Gujarat"
"PRESIDENT, ALL INDIA CONGRESS COMMITTEE",13-Apr-22,80000000,"Himachal Pradesh, Gujarat"
BHARTIYA JANTA PARTY,18-Apr-22,555000000,"Himachal Pradesh, Gujarat"
YSR CONGRESS PARTY (YUVAJANA SRAMIKA R,18-Apr-22,100000000,"Himachal Pradesh, Gujarat"
ALL INDIA TRINAMOOL CONGRESS,19-Apr-22,30000000,"Himachal Pradesh, Gujarat"
BIJU JANATA DAL,04-Jul-22,500000000,"Himachal Pradesh, Gujarat"
BHARAT RASHTRA SAMITHI,05-Jul-22,100000000,"Himachal Pradesh, Gujarat"
TELUGU DESAM PARTY,05-Jul-22,30000000,"Himachal Pradesh, Gujarat"
BHARAT RASHTRA SAMITHI,06-Jul-22,250000000,"Himachal Pradesh, Gujarat"
BIJU JANATA DAL,06-Jul-22,450000000,"Himachal Pradesh, Gujarat"
"PRESIDENT, ALL INDIA CONGRESS COMMITTEE",06-Jul-22,150000000,"Himachal Pradesh, Gujarat"
DMK PARTY IN PARLIAMENT,08-Jul-22,500000000,"Himachal Pradesh, Gujarat"
ALL INDIA TRINAMOOL CONGRESS,11-Jul-22,190000000,"Himachal Pradesh, Gujarat"
BHARAT RASHTRA SAMITHI,11-Jul-22,75000000,"Himachal Pradesh, Gujarat"
BIJU JANATA DAL,11-Jul-22,70000000,"Himachal Pradesh, Gujarat"
DMK PARTY IN PARLIAMENT,11-Jul-22,250000000,"Himachal Pradesh, Gujarat"
"PRESIDENT, ALL INDIA CONGRESS COMMITTEE",11-Jul-22,350000000,"Himachal Pradesh, Gujarat"
TELUGU DESAM PARTY,11-Jul-22,50000000,"Himachal Pradesh, Gujarat"
ALL INDIA TRINAMOOL CONGRESS,12-Jul-22,445000000,"Himachal Pradesh, Gujarat"
BHARTIYA JANTA PARTY,12-Jul-22,125000000,"Himachal Pradesh, Gujarat"
"PRESIDENT, ALL INDIA CONGRESS COMMITTEE",12-Jul-22,5000000,"Himachal Pradesh, Gujarat"
BHARAT RASHTRA SAMITHI,13-Jul-22,80000000,"Himachal Pradesh, Gujarat"
BIJU JANATA DAL,13-Jul-22,50000000,"Himachal Pradesh, Gujarat"
ALL INDIA TRINAMOOL CONGRESS,14-Jul-22,30000000,"Himachal Pradesh, Gujarat"
BHARAT RASHTRA SAMITHI,16-Jul-22,125000000,"Himachal Pradesh, Gujarat"
"PRESIDENT, ALL INDIA CONGRESS COMMITTEE",19-Jul-22,70000000,"Himachal Pradesh, Gujarat"
AAM AADMI PARTY,10-Oct-22,20000000,"Himachal Pradesh, Gujarat"
BHARAT RASHTRA SAMITHI,10-Oct-22,250000000,"Himachal Pradesh, Gujarat"
"PRESIDENT, ALL INDIA CONGRESS COMMITTEE",10-Oct-22,150000000,"Himachal Pradesh, Gujarat"
ALL INDIA TRINAMOOL CONGRESS,11-Oct-22,100000000,"Himachal Pradesh, Gujarat"
BHARAT RASHTRA SAMITHI,11-Oct-22,300000000,"Himachal Pradesh, Gujarat"
BHARTIYA JANTA PARTY,11-Oct-22,790000000,"Himachal Pradesh, Gujarat"
BIJU JANATA DAL,11-Oct-22,350000000,"Himachal Pradesh, Gujarat"
AAM AADMI PARTY,12-Oct-22,20000000,"Himachal Pradesh, Gujarat"
ALL INDIA TRINAMOOL CONGRESS,12-Oct-22,500000000,"Himachal Pradesh, Gujarat"
DMK PARTY IN PARLIAMENT,12-Oct-22,100000000,"Himachal Pradesh, Gujarat"
"PRESIDENT, ALL INDIA CONGRESS COMMITTEE",12-Oct-22,52000000,"Himachal Pradesh, Gujarat"
ALL INDIA TRINAMOOL CONGRESS,13-Oct-22,300000000,"Himachal Pradesh, Gujarat"
SIKKIM KRANTIKARI MORCHA,13-Oct-22,20000000,"Himachal Pradesh, Gujarat"
TELUGU DESAM PARTY,13-Oct-22,50000000,"Himachal Pradesh, Gujarat"
YSR CONGRESS PARTY (YUVAJANA SRAMIKA R,13-Oct-22,50000000,"Himachal Pradesh, Gujarat"
AAM AADMI PARTY,14-Oct-22,76000000,"Himachal Pradesh, Gujarat"
ALL INDIA TRINAMOOL CONGRESS,14-Oct-22,200000000,"Himachal Pradesh, Gujarat"
"PRESIDENT, ALL INDIA CONGRESS COMMITTEE",14-Oct-22,130000000,"Himachal Pradesh, Gujarat"
AAM AADMI PARTY,15-Oct-22,69500000,"Himachal Pradesh, Gujarat"
ALL INDIA TRINAMOOL CONGRESS,15-Oct-22,331000000,"Himachal Pradesh, Gujarat"
BHARTIYA JANTA PARTY,15-Oct-22,1000000000,"Himachal Pradesh, Gujarat"
BHARTIYA JANTA PARTY,18-Oct-22,125000000,"Himachal Pradesh, Gujarat"
"PRESIDENT, ALL INDIA CONGRESS COMMITTEE",18-Oct-22,40000000,"Himachal Pradesh, Gujarat"
AAM AADMI PARTY,20-Oct-22,64000000,"Himachal Pradesh, Gujarat"
JANASENA PARTY,20-Oct-22,20000000,"Himachal Pradesh, Gujarat"
AAM AADMI PARTY,21-Oct-22,5000000,"Himachal Pradesh, Gujarat"
BHARTIYA JANTA PARTY,21-Oct-22,310000000,"Himachal Pradesh, Gujarat"
AAM AADMI PARTY,14-Nov-22,50000000,Gujarat
BHARTIYA JANTA PARTY,14-Nov-22,2000000000,Gujarat
"PRESIDENT, ALL INDIA CONGRESS COMMITTEE",14-Nov-22,4000000,Gujarat
BHARTIYA JANTA PARTY,16-Nov-22,2017500000,Gujarat
"PRESIDENT, ALL INDIA CONGRESS COMMITTEE",16-Nov-22,170000000,Gujarat
"PRESIDENT, ALL INDIA CONGRESS COMMITTEE",17-Nov-22,100000000,Gujarat
BHARTIYA JANTA PARTY,18-Nov-22,1875999000,Gujarat
"PRESIDENT, ALL INDIA CONGRESS COMMITTEE",18-Nov-22,103100000,Gujarat
YSR CONGRESS PARTY (YUVAJANA SRAMIKA R,18-Nov-22,120000000,Gujarat
AAM AADMI PARTY,19-Nov-22,20000000,Gujarat
AAM AADMI PARTY,21-Nov-22,10000000,Gujarat
BHARTIYA JANTA PARTY,21-Nov-22,135000000,Gujarat
"PRESIDENT, ALL INDIA CONGRESS COMMITTEE",22-Nov-22,50000000,Gujarat
"PRESIDENT, ALL INDIA CONGRESS COMMITTEE",23-Nov-22,22000000,Gujarat
YSR CONGRESS PARTY (YUVAJANA SRAMIKA R,23-Nov-22,40000000,Gujarat
"PRESIDENT, ALL INDIA CONGRESS COMMITTEE",24-Nov-22,15000000,Gujarat
"PRESIDENT, ALL INDIA CONGRESS COMMITTEE",28-Nov-22,30000000,Gujarat
AAM AADMI PARTY,09-Dec-22,10000000,"Tripura, Meghalaya, Nagaland"
YSR CONGRESS PARTY (YUVAJANA SRAMIKA R,12-Dec-22,200000000,"Tripura, Meghalaya, Nagaland"
"PRESIDENT, ALL INDIA CONGRESS COMMITTEE",13-Dec-22,80000000,"Tripura, Meghalaya, Nagaland"
AAM AADMI PARTY,14-Dec-22,20000000,"Tripura, Meghalaya, Nagaland"
ALL INDIA TRINAMOOL CONGRESS,14-Dec-22,150000000,"Tripura, Meghalaya, Nagaland"
BHARTIYA JANTA PARTY,14-Dec-22,1090000000,"Tripura, Meghalaya, Nagaland"
AAM AADMI PARTY,15-Dec-22,20000000,"Tripura, Meghalaya, Nagaland"
ALL INDIA TRINAMOOL CONGRESS,15-Dec-22,10000000,"Tripura, Meghalaya, Nagaland"
AAM AADMI PARTY,16-Dec-22,31000000,"Tripura, Meghalaya, Nagaland"
BHARTIYA JANTA PARTY,16-Dec-22,490000000,"Tripura, Meghalaya, Nagaland"
YSR CONGRESS PARTY (YUVAJANA SRAMIKA R,16-Dec-22,10000000,"Tripura, Meghalaya, Nagaland"
AAM AADMI PARTY,17-Dec-22,30000000,"Tripura, Meghalaya, Nagaland"
ALL INDIA TRINAMOOL CONGRESS,19-Dec-22,10000000,"Tripura, Meghalaya, Nagaland"
BHARTIYA JANTA PARTY,19-Dec-22,70000000,"Tripura, Meghalaya, Nagaland"
"PRESIDENT, ALL INDIA CONGRESS COMMITTEE",20-Dec-22,100000000,"Tripura, Meghalaya, Nagaland"
TELUGU DESAM PARTY,24-Jan-23,60000000,"Tripura, Meghalaya, Nagaland"
ALL INDIA TRINAMOOL CONGRESS,27-Jan-23,200000000,"Tripura, Meghalaya, Nagaland"
"PRESIDENT, ALL INDIA CONGRESS COMMITTEE",27-Jan-23,9100000,"Tripura, Meghalaya, Nagaland"
ALL INDIA TRINAMOOL CONGRESS,30-Jan-23,405000000,"Tripura, Meghalaya, Nagaland"
BHARTIYA JANTA PARTY,30-Jan-23,1000000000,"Tripura, Meghalaya, Nagaland"
BHARAT RASHTRA SAMITHI,31-Jan-23,500000,"Tripura, Meghalaya, Nagaland"
TELUGU DESAM PARTY,31-Jan-23,130000000,"Tripura, Meghalaya, Nagaland"
ALL INDIA TRINAMOOL CONGRESS,01-Feb-23,200000000,"Tripura, Meghalaya, Nagaland"
BHARTIYA JANTA PARTY,01-Feb-23,370000000,"Tripura, Meghalaya, Nagaland"
BIJU JANATA DAL,01-Feb-23,70000000,"Tripura, Meghalaya, Nagaland"
JHARKHAND MUKTI MORCHA,01-Feb-23,10000000,"Tripura, Meghalaya, Nagaland"
TELUGU DESAM PARTY,01-Feb-23,20000000,"Tripura, Meghalaya, Nagaland"
SIKKIM KRANTIKARI MORCHA,02-Feb-23,25000000,"Tripura, Meghalaya, Nagaland"
BHARTIYA JANTA PARTY,04-Feb-23,216000000,"Tripura, Meghalaya, Nagaland"
BHARTIYA JANTA PARTY,07-Feb-23,342000000,"Tripura, Meghalaya, Nagaland"
SIKKIM KRANTIKARI MORCHA,07-Feb-23,30000000,"Tripura, Meghalaya, Nagaland"
BHARAT RASHTRA SAMITHI,06-Apr-23,100000000,"Madhya Pradesh, Rajasthan, Telangana, Chhattisgarh, Mizoram"
"PRESIDENT, ALL INDIA CONGRESS COMMITTEE",06-Apr-23,60000000,"Madhya Pradesh, Rajasthan, Telangana, Chhattisgarh, Mizoram"
DMK PARTY IN PARLIAMENT,10-Apr-23,400000000,"Madhya Pradesh, Rajasthan, Telangana, Chhattisgarh, Mizoram"
"PRESIDENT, ALL INDIA CONGRESS COMMITTEE",10-Apr-23,722500000,"Madhya Pradesh, Rajasthan, Telangana, Chhattisgarh, Mizoram"
"PRESIDENT, ALL INDIA CONGRESS COMMITTEE",11-Apr-23,130000000,"Madhya Pradesh, Rajasthan, Telangana, Chhattisgarh, Mizoram"
TELUGU DESAM PARTY,11-Apr-23,20000000,"Madhya Pradesh, Rajasthan, Telangana, Chhattisgarh, Mizoram"
YSR CONGRESS PARTY (YUVAJANA SRAMIKA R,11-Apr-23,100000000,"Madhya Pradesh, Rajasthan, Telangana, Chhattisgarh, Mizoram"
BHARTIYA JANTA PARTY,12-Apr-23,1770000000,"Madhya Pradesh, Rajasthan, Telangana, Chhattisgarh, Mizoram"
ALL INDIA TRINAMOOL CONGRESS,13-Apr-23,702000000,"Madhya Pradesh, Rajasthan, Telangana, Chhattisgarh, Mizoram"
BHARAT RASHTRA SAMITHI,13-Apr-23,300000000,"Madhya Pradesh, Rajasthan, Telangana, Chhattisgarh, Mizoram"
JHARKHAND MUKTI MORCHA,13-Apr-23,10000000,"Madhya Pradesh, Rajasthan, Telangana, Chhattisgarh, Mizoram"
NATIONALIST CONGRESS PARTY PARLIAMENT OF,13-Apr-23,15000000,"Madhya Pradesh, Rajasthan, Telangana, Chhattisgarh, Mizoram"
"PRESIDENT, ALL INDIA CONGRESS COMMITTEE",13-Apr-23,100000000,"Madhya Pradesh, Rajasthan, Telangana, Chhattisgarh, Mizoram"
TELUGU DESAM PARTY,13-Apr-23,50000000,"Madhya Pradesh, Rajasthan, Telangana, Chhattisgarh, Mizoram"
BHARAT RASHTRA SAMITHI,15-Apr-23,151000000,"Madhya Pradesh, Rajasthan, Telangana, Chhattisgarh, Mizoram"
BIJU JANATA DAL,15-Apr-23,150000000,"Madhya Pradesh, Rajasthan, Telangana, Chhattisgarh, Mizoram"
JANASENA PARTY,15-Apr-23,20000000,"Madhya Pradesh, Rajasthan, Telangana, Chhattisgarh, Mizoram"
YSR CONGRESS PARTY (YUVAJANA SRAMIKA R,15-Apr-23,250000000,"Madhya Pradesh, Rajasthan, Telangana, Chhattisgarh, Mizoram"
ALL INDIA TRINAMOOL CONGRESS,17-Apr-23,118500000,"Madhya Pradesh, Rajasthan, Telangana, Chhattisgarh, Mizoram"
BHARAT RASHTRA SAMITHI,17-Apr-23,350000000,"Madhya Pradesh, Rajasthan, Telangana, Chhattisgarh, Mizoram"
BHARTIYA JANTA PARTY,17-Apr-23,1430450000,"Madhya Pradesh, Rajasthan, Telangana, Chhattisgarh, Mizoram"
JANATA DAL ( SECULAR ),17-Apr-23,10000000,"Madhya Pradesh, Rajasthan, Telangana, Chhattisgarh, Mizoram"
"PRESIDENT, ALL INDIA CONGRESS COMMITTEE",17-Apr-23,770000000,"Madhya Pradesh, Rajasthan, Telangana, Chhattisgarh, Mizoram"
TELUGU DESAM PARTY,17-Apr-23,250000000,"Madhya Pradesh, Rajasthan, Telangana, Chhattisgarh, Mizoram"
ALL INDIA TRINAMOOL CONGRESS,18-Apr-23,221500000,"Madhya Pradesh, Rajasthan, Telangana, Chhattisgarh, Mizoram"
BHARAT RASHTRA SAMITHI,18-Apr-23,10000000,"Madhya Pradesh, Rajasthan, Telangana, Chhattisgarh, Mizoram"
BHARTIYA JANTA PARTY,18-Apr-23,100000000,"Madhya Pradesh, Rajasthan, Telangana, Chhattisgarh, Mizoram"
JANATA DAL ( SECULAR ),18-Apr-23,400000000,"Madhya Pradesh, Rajasthan, Telangana, Chhattisgarh, Mizoram"
ALL INDIA TRINAMOOL CONGRESS,19-Apr-23,633000000,"Madhya Pradesh, Rajasthan, Telangana, Chhattisgarh, Mizoram"
ALL INDIA TRINAMOOL CONGRESS,20-Apr-23,175000000,"Madhya Pradesh, Rajasthan, Telangana, Chhattisgarh, Mizoram"
"PRESIDENT, ALL INDIA CONGRESS COMMITTEE",20-Apr-23,123000000,"Madhya Pradesh, Rajasthan, Telangana, Chhattisgarh, Mizoram"
ALL INDIA TRINAMOOL CONGRESS,21-Apr-23,19000000,"Madhya Pradesh, Rajasthan, Telangana, Chhattisgarh, Mizoram"
BHARTIYA JANTA PARTY,24-Apr-23,42000000,"Madhya Pradesh, Rajasthan, Telangana, Chhattisgarh, Mizoram"
ALL INDIA TRINAMOOL CONGRESS,26-Apr-23,550000,"Madhya Pradesh, Rajasthan, Telangana, Chhattisgarh, Mizoram"
BIJU JANATA DAL,07-Jul-23,500000000,"Madhya Pradesh, Rajasthan, Telangana, Chhattisgarh, Mizoram"
BHARTIYA JANTA PARTY,10-Jul-23,100000000,"Madhya Pradesh, Rajasthan, Telangana, Chhattisgarh, Mizoram"
"PRESIDENT, ALL INDIA CONGRESS COMMITTEE",10-Jul-23,5000000,"Madhya Pradesh, Rajasthan, Telangana, Chhattisgarh, Mizoram"
TELUGU DESAM PARTY,10-Jul-23,5000000,"Madhya Pradesh, Rajasthan, Telangana, Chhattisgarh, Mizoram"
AAM AADMI PARTY,11-Jul-23,50000000,"Madhya Pradesh, Rajasthan, Telangana, Chhattisgarh, Mizoram"
ALL INDIA TRINAMOOL CONGRESS,11-Jul-23,450000000,"Madhya Pradesh, Rajasthan, Telangana, Chhattisgarh, Mizoram"
BIJU JANATA DAL,11-Jul-23,75000000,"Madhya Pradesh, Rajasthan, Telangana, Chhattisgarh, Mizoram"
ALL INDIA TRINAMOOL CONGRESS,12-Jul-23,200000000,"Madhya Pradesh, Rajasthan, Telangana, Chhattisgarh, Mizoram"
BHARTIYA JANTA PARTY,12-Jul-23,395000000,"Madhya Pradesh, Rajasthan, Telangana, Chhattisgarh, Mizoram"
YSR CONGRESS PARTY (YUVAJANA SRAMIKA R,12-Jul-23,5000000,"Madhya Pradesh, Rajasthan, Telangana, Chhattisgarh, Mizoram"
ALL INDIA TRINAMOOL CONGRESS,13-Jul-23,420000000,"Madhya Pradesh, Rajasthan, Telangana, Chhattisgarh, Mizoram"
BHARAT RASHTRA SAMITHI,13-Jul-23,2240000000,"Madhya Pradesh, Rajasthan, Telangana, Chhattisgarh, Mizoram"
BIJU JANATA DAL,13-Jul-23,840000000,"Madhya Pradesh, Rajasthan, Telangana, Chhattisgarh, Mizoram"
"PRESIDENT, ALL INDIA CONGRESS COMMITTEE",13-Jul-23,100000000,"Madhya Pradesh, Rajasthan, Telangana, Chhattisgarh, Mizoram"
TELUGU DESAM PARTY,13-Jul-23,20000000,"Madhya Pradesh, Rajasthan, Telangana, Chhattisgarh, Mizoram"
ALL INDIA TRINAMOOL CONGRESS,14-Jul-23,80000000,"Madhya Pradesh, Rajasthan, Telangana, Chhattisgarh, Mizoram"
BHARAT RASHTRA SAMITHI,14-Jul-23,247200000,"Madhya Pradesh, Rajasthan, Telangana, Chhattisgarh, Mizoram"
"PRESIDENT, ALL INDIA CONGRESS COMMITTEE",14-Jul-23,100000000,"Madhya Pradesh, Rajasthan, Telangana, Chhattisgarh, Mizoram"
TELUGU DESAM PARTY,14-Jul-23,2500000,"Madhya Pradesh, Rajasthan, Telangana, Chhattisgarh, Mizoram"
AAM AADMI PARTY,15-Jul-23,50000000,"Madhya Pradesh, Rajasthan, Telangana, Chhattisgarh, Mizoram"
BHARAT RASHTRA SAMITHI,15-Jul-23,210000000,"Madhya Pradesh, Rajasthan, Telangana, Chhattisgarh, Mizoram"
BHARTIYA JANTA PARTY,15-Jul-23,269900000,"Madhya Pradesh, Rajasthan, Telangana, Chhattisgarh, Mizoram"
BIJU JANATA DAL,15-Jul-23,140000000,"Madhya Pradesh, Rajasthan, Telangana, Chhattisgarh, Mizoram"
BHARAT RASHTRA SAMITHI,17-Jul-23,187000000,"Madhya Pradesh, Rajasthan, Telangana, Chhattisgarh, Mizoram"
YSR CONGRESS PARTY (YUVAJANA SRAMIKA R,17-Jul-23,250000000,"Madhya Pradesh, Rajasthan, Telangana, Chhattisgarh, Mizoram"
BHARAT RASHTRA SAMITHI,18-Jul-23,250000000,"Madhya Pradesh, Rajasthan, Telangana, Chhattisgarh, Mizoram"
RASHTRIYA JANTA DAL,18-Jul-23,10000000,"Madhya Pradesh, Rajasthan, Telangana, Chhattisgarh, Mizoram"
RASTRIYA JANTA DAL,18-Jul-23,197000000,"Madhya Pradesh, Rajasthan, Telangana, Chhattisgarh, Mizoram"
ALL INDIA TRINAMOOL CONGRESS,19-Jul-23,20000000,"Madhya Pradesh, Rajasthan, Telangana, Chhattisgarh, Mizoram"
RASTRIYA JANTA DAL,19-Jul-23,93000000,"Madhya Pradesh, Rajasthan, Telangana, Chhattisgarh, Mizoram"
BHARTIYA JANTA PARTY,20-Jul-23,104400000,"Madhya Pradesh, Rajasthan, Telangana, Chhattisgarh, Mizoram"
SIKKIM KRANTIKARI MORCHA,20-Jul-23,80000000,"Madhya Pradesh, Rajasthan, Telangana, Chhattisgarh, Mizoram"
BHARAT RASHTRA SAMITHI,24-Jul-23,10000000,"Madhya Pradesh, Rajasthan, Telangana, Chhattisgarh, Mizoram"
BHARTIYA JANTA PARTY,24-Jul-23,1000,"Madhya Pradesh, Rajasthan, Telangana, Chhattisgarh, Mizoram"
JHARKHAND MUKTI MORCHA,24-Jul-23,50000000,"Madhya Pradesh, Rajasthan, Telangana, Chhattisgarh, Mizoram"
BHARAT RASHTRA SAMITHI,25-Jul-23,40000000,"Madhya Pradesh, Rajasthan, Telangana, Chhattisgarh, Mizoram"
SHIVSENA (POLITICAL PARTY),25-Jul-23,330000000,"Madhya Pradesh, Rajasthan, Telangana, Chhattisgarh, Mizoram"
AAM AADMI PARTY,26-Jul-23,1500000,"Madhya Pradesh, Rajasthan, Telangana, Chhattisgarh, Mizoram"
"PRESIDENT, ALL INDIA CONGRESS COMMITTEE",05-Oct-23,150000000,"Madhya Pradesh, Rajasthan, Telangana, Chhattisgarh, Mizoram"
"PRESIDENT, ALL INDIA CONGRESS COMMITTEE",06-Oct-23,560000000,"Madhya Pradesh, Rajasthan, Telangana, Chhattisgarh, Mizoram"
BHARAT RASHTRA SAMITHI,07-Oct-23,100000000,"Madhya Pradesh, Rajasthan, Telangana, Chhattisgarh, Mizoram"
"PRESIDENT, ALL INDIA CONGRESS COMMITTEE",07-Oct-23,100000000,"Madhya Pradesh, Rajasthan, Telangana, Chhattisgarh, Mizoram"
ALL INDIA TRINAMOOL CONGRESS,09-Oct-23,690000000,"Madhya Pradesh, Rajasthan, Telangana, Chhattisgarh, Mizoram"
"PRESIDENT, ALL INDIA CONGRESS COMMITTEE",09-Oct-23,600000000,"Madhya Pradesh, Rajasthan, Telangana, Chhattisgarh, Mizoram"
"PRESIDENT, ALL INDIA CONGRESS COMMITTEE",10-Oct-23,1279300000,"Madhya Pradesh, Rajasthan, Telangana, Chhattisgarh, Mizoram"
BHARAT RASHTRA SAMITHI,12-Oct-23,125000000,"Madhya Pradesh, Rajasthan, Telangana, Chhattisgarh, Mizoram"
BHARTIYA JANTA PARTY,12-Oct-23,100000000,"Madhya Pradesh, Rajasthan, Telangana, Chhattisgarh, Mizoram"
"PRESIDENT, ALL INDIA CONGRESS COMMITTEE",12-Oct-23,250000000,"Madhya Pradesh, Rajasthan, Telangana, Chhattisgarh, Mizoram"
ALL INDIA TRINAMOOL CONGRESS,13-Oct-23,94500000,"Madhya Pradesh, Rajasthan, Telangana, Chhattisgarh, Mizoram"
BHARAT RASHTRA SAMITHI,13-Oct-23,110000000,"Madhya Pradesh, Rajasthan, Telangana, Chhattisgarh, Mizoram"
BHARTIYA JANTA PARTY,13-Oct-23,1975000000,"Madhya Pradesh, Rajasthan, Telangana, Chhattisgarh, Mizoram"
"PRESIDENT, ALL INDIA CONGRESS COMMITTEE",13-Oct-23,649800000,"Madhya Pradesh, Rajasthan, Telangana, Chhattisgarh, Mizoram"
TELUGU DESAM PARTY,13-Oct-23,108800000,"Madhya Pradesh, Rajasthan, Telangana, Chhattisgarh, Mizoram"
ALL INDIA TRINAMOOL CONGRESS,16-Oct-23,505500000,"Madhya Pradesh, Rajasthan, Telangana, Chhattisgarh, Mizoram"
BHARAT RASHTRA SAMITHI,16-Oct-23,330000000,"Madhya Pradesh, Rajasthan, Telangana, Chhattisgarh, Mizoram"
BHARTIYA JANTA PARTY,16-Oct-23,654500000,"Madhya Pradesh, Rajasthan, Telangana, Chhattisgarh, Mizoram"
"PRESIDENT, ALL INDIA CONGRESS COMMITTEE",16-Oct-23,80000000,"Madhya Pradesh, Rajasthan, Telangana, Chhattisgarh, Mizoram"
SIKKIM KRANTIKARI MORCHA,16-Oct-23,30000000,"Madhya Pradesh, Rajasthan, Telangana, Chhattisgarh, Mizoram"
ALL INDIA TRINAMOOL CONGRESS,17-Oct-23,165188000,"Madhya Pradesh, Rajasthan, Telangana, Chhattisgarh, Mizoram"
JHARKHAND MUKTI MORCHA,17-Oct-23,55000000,"Madhya Pradesh, Rajasthan, Telangana, Chhattisgarh, Mizoram"
"PRESIDENT, ALL INDIA CONGRESS COMMITTEE",17-Oct-23,153000000,"Madhya Pradesh, Rajasthan, Telangana, Chhattisgarh, Mizoram"
SIKKIM KRANTIKARI MORCHA,17-Oct-23,150000000,"Madhya Pradesh, Rajasthan, Telangana, Chhattisgarh, Mizoram"
ALL INDIA TRINAMOOL CONGRESS,18-Oct-23,94200000,"Madhya Pradesh, Rajasthan, Telangana, Chhattisgarh, Mizoram"
BHARAT RASHTRA SAMITHI,18-Oct-23,60000000,"Madhya Pradesh, Rajasthan, Telangana, Chhattisgarh, Mizoram"
BIJU JANATA DAL,18-Oct-23,400000000,"Madhya Pradesh, Rajasthan, Telangana, Chhattisgarh, Mizoram"
SHIVSENA (POLITICAL PARTY),18-Oct-23,370314000,"Madhya Pradesh, Rajasthan, Telangana, Chhattisgarh, Mizoram"
TELUGU DESAM PARTY,18-Oct-23,2500000,"Madhya Pradesh, Rajasthan, Telangana, Chhattisgarh, Mizoram"
BHARTIYA JANTA PARTY,19-Oct-23,645000000,"Madhya Pradesh, Rajasthan, Telangana, Chhattisgarh, Mizoram"
BIJU JANATA DAL,19-Oct-23,50000000,"Madhya Pradesh, Rajasthan, Telangana, Chhattisgarh, Mizoram"
"PRESIDENT, ALL INDIA CONGRESS COMMITTEE",19-Oct-23,120000000,"Madhya Pradesh, Rajasthan, Telangana, Chhattisgarh, Mizoram"
RASTRIYA JANTA DAL,19-Oct-23,240000000,"Madhya Pradesh, Rajasthan, Telangana, Chhattisgarh, Mizoram"
SHIVSENA (POLITICAL PARTY),19-Oct-23,18000000,"Madhya Pradesh, Rajasthan, Telangana, Chhattisgarh, Mizoram"
ALL INDIA TRINAMOOL CONGRESS,20-Oct-23,116200000,"Madhya Pradesh, Rajasthan, Telangana, Chhattisgarh, Mizoram"
RASTRIYA JANTA DAL,20-Oct-23,10000000,"Madhya Pradesh, Rajasthan, Telangana, Chhattisgarh, Mizoram"
SHIVSENA (POLITICAL PARTY),20-Oct-23,1700000,"Madhya Pradesh, Rajasthan, Telangana, Chhattisgarh, Mizoram"
BHARTIYA JANTA PARTY,21-Oct-23,50000000,"Madhya Pradesh, Rajasthan, Telangana, Chhattisgarh, Mizoram"
"PRESIDENT, ALL INDIA CONGRESS COMMITTEE",21-Oct-23,20000000,"Madhya Pradesh, Rajasthan, Telangana, Chhattisgarh, Mizoram"
"PRESIDENT, ALL INDIA CONGRESS COMMITTEE",23-Oct-23,7000000,"Madhya Pradesh, Rajasthan, Telangana, Chhattisgarh, Mizoram"
BHARTIYA JANTA PARTY,25-Oct-23,1000000,"Madhya Pradesh, Rajasthan, Telangana, Chhattisgarh, Mizoram"
"PRESIDENT, ALL INDIA CONGRESS COMMITTEE",25-Oct-23,50000000,"Madhya Pradesh, Rajasthan, Telangana, Chhattisgarh, Mizoram"
ALL INDIA TRINAMOOL CONGRESS,26-Oct-23,17000000,"Madhya Pradesh, Rajasthan, Telangana, Chhattisgarh, Mizoram"
BHARTIYA JANTA PARTY,26-Oct-23,155000000,"Madhya Pradesh, Rajasthan, Telangana, Chhattisgarh, Mizoram"
ALL INDIA TRINAMOOL CONGRESS,27-Oct-23,30300000,"Madhya Pradesh, Rajasthan, Telangana, Chhattisgarh, Mizoram"
BHARTIYA JANTA PARTY,27-Oct-23,10000000,"Madhya Pradesh, Rajasthan, Telangana, Chhattisgarh, Mizoram"
"PRESIDENT, ALL INDIA CONGRESS COMMITTEE",09-Nov-23,60000000,"Madhya Pradesh, Rajasthan, Telangana, Chhattisgarh, Mizoram"
"PRESIDENT, ALL INDIA CONGRESS COMMITTEE",10-Nov-23,190000000,"Madhya Pradesh, Rajasthan, Telangana, Chhattisgarh, Mizoram"
SIKKIM DEMOCRATIC FRONT,10-Nov-23,50000000,"Madhya Pradesh, Rajasthan, Telangana, Chhattisgarh, Mizoram"
BHARTIYA JANTA PARTY,13-Nov-23,1152500000,"Madhya Pradesh, Rajasthan, Telangana, Chhattisgarh"
"PRESIDENT, ALL INDIA CONGRESS COMMITTEE",13-Nov-23,85000000,"Madhya Pradesh, Rajasthan, Telangana, Chhattisgarh"
"PRESIDENT, ALL INDIA CONGRESS COMMITTEE",14-Nov-23,300000000,"Madhya Pradesh, Rajasthan, Telangana, Chhattisgarh"
"PRESIDENT, ALL INDIA CONGRESS COMMITTEE",15-Nov-23,90000000,"Madhya Pradesh, Rajasthan, Telangana, Chhattisgarh"
BHARAT RASHTRA SAMITHI,16-Nov-23,5000000,"Madhya Pradesh, Rajasthan, Telangana, Chhattisgarh"
BHARTIYA JANTA PARTY,17-Nov-23,1482500000,"Madhya Pradesh, Rajasthan, Telangana, Chhattisgarh"
YSR CONGRESS PARTY (YUVAJANA SRAMIKA R,17-Nov-23,200000000,"Madhya Pradesh, Rajasthan, Telangana, Chhattisgarh"
BHARAT RASHTRA SAMITHI,18-Nov-23,80000000,"Rajasthan, Telangana"
BHARTIYA JANTA PARTY,20-Nov-23,1695000000,"Rajasthan, Telangana"
BIJU JANATA DAL,20-Nov-23,50000000,"Rajasthan, Telangana"
"PRESIDENT, ALL INDIA CONGRESS COMMITTEE",20-Nov-23,150000000,"Rajasthan, Telangana"
BHARTIYA JANTA PARTY,21-Nov-23,350000000,"Rajasthan, Telangana"
"PRESIDENT, ALL INDIA CONGRESS COMMITTEE",21-Nov-23,400000000,"Rajasthan, Telangana"
BHARTIYA JANTA PARTY,22-Nov-23,1350000000,"Rajasthan, Telangana"
TELUGU DESAM PARTY,22-Nov-23,99000000,"Rajasthan, Telangana"
BHARAT RASHTRA SAMITHI,23-Nov-23,50000000,"Rajasthan, Telangana"
BHARTIYA JANTA PARTY,23-Nov-23,800000000,"Rajasthan, Telangana"
BHARTIYA JANTA PARTY,24-Nov-23,140010000,"Rajasthan, Telangana"
BIJU JANATA DAL,24-Nov-23,250000000,"Rajasthan, Telangana"
"PRESIDENT, ALL INDIA CONGRESS COMMITTEE",24-Nov-23,130000000,"Rajasthan, Telangana"
YSR CONGRESS PARTY (YUVAJANA SRAMIKA R,24-Nov-23,40000000,"Rajasthan, Telangana"
ALL INDIA TRINAMOOL CONGRESS,28-Nov-23,67300000,Telangana
BHARTIYA JANTA PARTY,28-Nov-23,50000000,Telangana
"PRESIDENT, ALL INDIA CONGRESS COMMITTEE",28-Nov-23,390000000,Telangana
TELUGU DESAM PARTY,28-Nov-23,1000000,Telangana
BHARTIYA JANTA PARTY,01-Dec-23,13000000,Lok Sabha
YSR CONGRESS PARTY (YUVAJANA SRAMIKA R,02-Dec-23,250000000,Lok Sabha
YSR CONGRESS PARTY (YUVAJANA SRAMIKA R,04-Dec-23,90000000,Lok Sabha
TELUGU DESAM PARTY,08-Jan-24,102000000,Lok Sabha
ALL INDIA TRINAMOOL CONGRESS,10-Jan-24,350000000,Lok Sabha
ALL INDIA TRINAMOOL CONGRESS,11-Jan-24,630000000,Lok Sabha
TELUGU DESAM PARTY,11-Jan-24,350000000,Lok Sabha
BHARTIYA JANTA PARTY,12-Jan-24,1100000000,Lok Sabha
TELUGU DESAM PARTY,12-Jan-24,470000000,Lok Sabha
ALL INDIA TRINAMOOL CONGRESS,15-Jan-24,150000000,Lok Sabha
"PRESIDENT, ALL INDIA CONGRESS COMMITTEE",15-Jan-24,214000000,Lok Sabha
SHIVSENA (POLITICAL PARTY),15-Jan-24,250000000,Lok Sabha
ALL INDIA TRINAMOOL CONGRESS,16-Jan-24,20000000,Lok Sabha
"PRESIDENT, ALL INDIA CONGRESS COMMITTEE",16-Jan-24,50000000,Lok Sabha
TELUGU DESAM PARTY,16-Jan-24,200000000,Lok Sabha
ALL INDIA TRINAMOOL CONGRESS,17-Jan-24,54500000,Lok Sabha
BHARTIYA JANTA PARTY,17-Jan-24,350000000,Lok Sabha
JANASENA PARTY,17-Jan-24,150000000,Lok Sabha
TELUGU DESAM PARTY,17-Jan-24,30000000,Lok Sabha
ALL INDIA TRINAMOOL CONGRESS,18-Jan-24,100000000,Lok Sabha
"PRESIDENT, ALL INDIA CONGRESS COMMITTEE",18-Jan-24,85000000,Lok Sabha
SIKKIM DEMOCRATIC FRONT,18-Jan-24,5000000,Lok Sabha
BHARTIYA JANTA PARTY,19-Jan-24,500000000,Lok Sabha
SIKKIM KRANTIKARI MORCHA,19-Jan-24,30000000,Lok Sabha
YSR CONGRESS PARTY (YUVAJANA SRAMIKA R,19-Jan-24,30000000,Lok Sabha
JANASENA PARTY,20-Jan-24,10000000,Lok Sabha
RASTRIYA JANTA DAL,20-Jan-24,150000000,Lok Sabha
"PRESIDENT, ALL INDIA CONGRESS COMMITTEE",22-Jan-24,10000000,Lok Sabha
TELUGU DESAM PARTY,22-Jan-24,30000000,Lok Sabha
DMK PARTY IN PARLIAMENT,23-Jan-24,200000000,Lok Sabha
BHARTIYA JANTA PARTY,24-Jan-24,70000000,Lok Sabha
JANASENA PARTY,24-Jan-24,10000000,Lok Sabha
